,subproduct_author_id,verified_purchase,review_title,reviews,date,reviewer_name,ratings,people_find_helpful,reviewer_profile_url,start_time,end_time,product_name,brand_name,rank,product_id,author_id,subproduct_id
0,AEFDKSTEJA7CBLQUI3DZ5FS47MQQ,False,Great gift!,"Bought as a gift, fits well","January 31, 2019",Amazon Customer,5.0,0,https://www.amazon.ca/gp/profile/amzn1.account.AEFDKSTEJA7CBLQUI3DZ5FS47MQQ/ref=cm_cr_arp_d_gw_btm?ie=UTF8,2020-10-05 19:20:55.785358,2020-10-05 19:20:55.928832,Baker Football I Woke Up Feeling Dangerous Long Sleeve Tshirt,TS.79114788,"774,133",B002G9UDYG,AEFDKSTEJA7CBLQUI3DZ5FS47MQQ,B07KWNHKW1
0,AECOOYPHFH3NXA2WE6BVDXCGGKJQ,True,Snug and Warm!,Baby is 7 months (but wears 12 month clothes) and the toque fits him perfectly. Snug and warm!,"October 19, 2019",tanya de leon,5.0,6,https://www.amazon.ca/gp/profile/amzn1.account.AECOOYPHFH3NXA2WE6BVDXCGGKJQ/ref=cm_cr_arp_d_gw_btm?ie=UTF8,2020-10-05 19:21:09.617381,2020-10-05 19:21:09.762843,Carhartt Baby-Girls Acrylic Watch Hat Hat,No,25,B002G9UDYG,AEFDKSTEJA7CBLQUI3DZ5FS47MQQ,B017DZ30GK
1,AE7VYQURJKI2A6EEXYD26N337F6A,True,Great product!!,"I bought this for my 7 year old and 4 year old, and it fits them great. They could have easily got away with wearing an adult one as well, which would last much longer. Overall great product, my girls love to color. They are warm and will be buying one in orange soon for hunting season!!","December 29, 2019",Anonymous ,5.0,One,https://www.amazon.ca/gp/profile/amzn1.account.AE7VYQURJKI2A6EEXYD26N337F6A/ref=cm_cr_arp_d_gw_btm?ie=UTF8,2020-10-05 19:21:09.767723,2020-10-05 19:21:09.900489,Carhartt Baby-Girls Acrylic Watch Hat Hat,No,25,B002G9UDYG,AEFDKSTEJA7CBLQUI3DZ5FS47MQQ,B017DZ30GK
2,AGBM3P2D3Q2D5PNERULZW7G5JATQ,True,Consider sizing,SIZING = fits my 7 month olds head but doesn‚Äôt quiet fit my 4 year olds head. I‚Äôd definitely say it‚Äôs a baby hat ! Realllly good quality - we love them!,"September 14, 2019",Gena,5.0,2,https://www.amazon.ca/gp/profile/amzn1.account.AGBM3P2D3Q2D5PNERULZW7G5JATQ/ref=cm_cr_arp_d_gw_btm?ie=UTF8,2020-10-05 19:21:09.905369,2020-10-05 19:21:10.057624,Carhartt Baby-Girls Acrylic Watch Hat Hat,No,25,B002G9UDYG,AEFDKSTEJA7CBLQUI3DZ5FS47MQQ,B017DZ30GK
3,AEFPYKGLSOYPUW2ABIIK2PF275QA,True,Cute but that‚Äôs it,Really cute but itchy and doesn‚Äôt stay on well. I‚Äôm constantly having to readjust it on my daughters head and she‚Äôs always red and itchy after wearing it.,"April 19, 2020",Sam,4.0,One,https://www.amazon.ca/gp/profile/amzn1.account.AEFPYKGLSOYPUW2ABIIK2PF275QA/ref=cm_cr_arp_d_gw_btm?ie=UTF8,2020-10-05 19:21:10.062504,2020-10-05 19:21:10.201096,Carhartt Baby-Girls Acrylic Watch Hat Hat,No,25,B002G9UDYG,AEFDKSTEJA7CBLQUI3DZ5FS47MQQ,B017DZ30GK
4,AHSIFEU7KSH3TTMVT6IFBOWG246Q,True,Good quality,Love these hats but I feel they do fit small. I ordered toddler for my daughter who‚Äôs a few months old and kids for my toddler. They‚Äôre stretchy and seem to be quite warm,"September 25, 2020",jallar,5.0,0,https://www.amazon.ca/gp/profile/amzn1.account.AHSIFEU7KSH3TTMVT6IFBOWG246Q/ref=cm_cr_arp_d_gw_btm?ie=UTF8,2020-10-05 19:21:10.205976,2020-10-05 19:21:10.336760,Carhartt Baby-Girls Acrylic Watch Hat Hat,No,25,B002G9UDYG,AEFDKSTEJA7CBLQUI3DZ5FS47MQQ,B017DZ30GK
5,AHIJRMEXPX2LFYWAV5S46KR5SJXQ,True,"Good buy, super cute","This toque is exactly as expected! Showed up on time! Very adorable! Currently fits my 2 month old baby, and will fit for a long time as there is definitely room to grow into it!","November 8, 2019",Jen,5.0,One,https://www.amazon.ca/gp/profile/amzn1.account.AHIJRMEXPX2LFYWAV5S46KR5SJXQ/ref=cm_cr_arp_d_gw_btm?ie=UTF8,2020-10-05 19:21:10.341640,2020-10-05 19:21:10.489016,Carhartt Baby-Girls Acrylic Watch Hat Hat,No,25,B002G9UDYG,AEFDKSTEJA7CBLQUI3DZ5FS47MQQ,B017DZ30GK
6,AF5CYHT7AALFTI3QV22F2FEKSZUQ,True,Nice toque but stitching is missing,Comfy toque but the stitching on one side of the carhartt logo is missing. Not a huge deal but being as there is only one thing stitched on you‚Äôd think it would be properly done.,"October 30, 2019",Customer,3.0,One,https://www.amazon.ca/gp/profile/amzn1.account.AF5CYHT7AALFTI3QV22F2FEKSZUQ/ref=cm_cr_arp_d_gw_btm?ie=UTF8,2020-10-05 19:21:10.494871,2020-10-05 19:21:10.629560,Carhartt Baby-Girls Acrylic Watch Hat Hat,No,25,B002G9UDYG,AEFDKSTEJA7CBLQUI3DZ5FS47MQQ,B017DZ30GK
7,AEJNH5S6FUZJWRQLA3MBTNUTVDUA,True,Very happy,"I bought this for my 7 and a half month old, and got it in the toddler size, it fits her well but she also it quite a big baby. Not sure if for an actual toddler you would want to size up! Very pleased with the quality as usual, my husband and I have many of these toques as well as other items and are always impressed.","December 10, 2019",Hails. ,5.0,0,https://www.amazon.ca/gp/profile/amzn1.account.AEJNH5S6FUZJWRQLA3MBTNUTVDUA/ref=cm_cr_arp_d_gw_btm?ie=UTF8,2020-10-05 19:21:10.635416,2020-10-05 19:21:10.766240,Carhartt Baby-Girls Acrylic Watch Hat Hat,No,25,B002G9UDYG,AEFDKSTEJA7CBLQUI3DZ5FS47MQQ,B017DZ30GK
8,AH3ZOA2QW2TYGZIXPWNIB4HFD6ZA,True,Great quality .. very warm,This was such awesome quality ! I thought it was gonna be cheap but it‚Äôs realllyyyyy warm. Very happy with the purchase .. he kinda outgrew it but it still fits haha,"June 7, 2020",maria,5.0,0,https://www.amazon.ca/gp/profile/amzn1.account.AH3ZOA2QW2TYGZIXPWNIB4HFD6ZA/ref=cm_cr_arp_d_gw_btm?ie=UTF8,2020-10-05 19:21:10.771120,2020-10-05 19:21:10.912640,Carhartt Baby-Girls Acrylic Watch Hat Hat,No,25,B002G9UDYG,AEFDKSTEJA7CBLQUI3DZ5FS47MQQ,B017DZ30GK
9,AEPNW7VAY4KKJDHUSYTIC6EXEKHQ,True,Great little toque that has stretch and room to grow - Christmas gift for baby girl,"So adorable! Stretchy , comfy and warm - covers my one year old daughters ears unlike other toques and it doesn‚Äôt come off! And I feel like she will grow into it","January 27, 2020",Taylor,5.0,0,https://www.amazon.ca/gp/profile/amzn1.account.AEPNW7VAY4KKJDHUSYTIC6EXEKHQ/ref=cm_cr_arp_d_gw_btm?ie=UTF8,2020-10-05 19:21:10.917522,2020-10-05 19:21:11.044399,Carhartt Baby-Girls Acrylic Watch Hat Hat,No,25,B002G9UDYG,AEFDKSTEJA7CBLQUI3DZ5FS47MQQ,B017DZ30GK
10,AFDEISNOLNAQ7U5LNTZTY34GPKEA,True,Great for older kids,"Love the quality, feel and price point of Carhartt products. This says Kids, but I think it should be reclassified as Youth, would best fit 8-14 yr olds.","October 4, 2018",Queen Vick,4.0,2,https://www.amazon.ca/gp/profile/amzn1.account.AFDEISNOLNAQ7U5LNTZTY34GPKEA/ref=cm_cr_getr_d_gw_btm?ie=UTF8,2020-10-05 19:21:17.192654,2020-10-05 19:21:17.330270,Carhartt Baby-Girls Acrylic Watch Hat Hat,No,25,B002G9UDYG,AEFDKSTEJA7CBLQUI3DZ5FS47MQQ,B017DZ30GK
11,AFQCQGG7JVRPXF4MU3P6XYZEI4AQ,True,Great deal and very cheap!,"I bought this for my 7-week old baby when winter hits in the next couple of months! It fits him now at 7 weeks old and 13 pounds but also fits my 3-year-old daughter who is wearing size 4T clothing. Great deal for the price, very thick, very stretchy and should last many years! I love this item.","September 3, 2020",ShyanneFast,5.0,0,https://www.amazon.ca/gp/profile/amzn1.account.AFQCQGG7JVRPXF4MU3P6XYZEI4AQ/ref=cm_cr_getr_d_gw_btm?ie=UTF8,2020-10-05 19:21:17.335150,2020-10-05 19:21:17.476669,Carhartt Baby-Girls Acrylic Watch Hat Hat,No,25,B002G9UDYG,AEFDKSTEJA7CBLQUI3DZ5FS47MQQ,B017DZ30GK
12,AE3SEKRBYZKJLYOOGJEQNOBPBXIA,True,Adorable and warm!,"Love this hat! Quality material, warm and so adorable. Fits my 9 month old well - and will fit next year likely too as it‚Äôs stretchy material. I‚Äôd say overall it fits small.","January 4, 2019",Amazon Customer,5.0,0,https://www.amazon.ca/gp/profile/amzn1.account.AE3SEKRBYZKJLYOOGJEQNOBPBXIA/ref=cm_cr_getr_d_gw_btm?ie=UTF8,2020-10-05 19:21:17.482560,2020-10-05 19:21:17.613308,Carhartt Baby-Girls Acrylic Watch Hat Hat,No,25,B002G9UDYG,AEFDKSTEJA7CBLQUI3DZ5FS47MQQ,B017DZ30GK
13,AHMWUPZ2MW7PHZY52BTM3DW4WQ2Q,True,Works/looks great,"Fit my 4 month old but lots of stretch will last for years. Warm and got lots of compliments

Update. Still fits my now 1.5 year old. Happy with the quality and value. Have purchased additional for back ups and gifts.","November 21, 2019",Al long,5.0,0,https://www.amazon.ca/gp/profile/amzn1.account.AHMWUPZ2MW7PHZY52BTM3DW4WQ2Q/ref=cm_cr_getr_d_gw_btm?ie=UTF8,2020-10-05 19:21:17.618189,2020-10-05 19:21:17.748971,Carhartt Baby-Girls Acrylic Watch Hat Hat,No,25,B002G9UDYG,AEFDKSTEJA7CBLQUI3DZ5FS47MQQ,B017DZ30GK
14,AFYR2YVIIB4ZMDWZ6ODL7F4SJK4Q,True,Best baby beanie in the world,"tough to find a toque / beanie that fits kids under 1, but this one is perfect, looks really cute and perfect fit. Bought another one because I liked it so much","January 6, 2020",Lindsay Zurfluh,5.0,0,https://www.amazon.ca/gp/profile/amzn1.account.AFYR2YVIIB4ZMDWZ6ODL7F4SJK4Q/ref=cm_cr_getr_d_gw_btm?ie=UTF8,2020-10-05 19:21:17.753852,2020-10-05 19:21:17.896347,Carhartt Baby-Girls Acrylic Watch Hat Hat,No,25,B002G9UDYG,AEFDKSTEJA7CBLQUI3DZ5FS47MQQ,B017DZ30GK
15,AERWNUSYALZTGFRSE5F42LM5JQJA,True,Looks adorable haven't used it since it's only September but I ...,Looks adorable haven't used it since it's only September but I cant wait for my son to wear this. Super cool great quality.,"September 18, 2018",Seven ,5.0,One,https://www.amazon.ca/gp/profile/amzn1.account.AERWNUSYALZTGFRSE5F42LM5JQJA/ref=cm_cr_getr_d_gw_btm?ie=UTF8,2020-10-05 19:21:17.901228,2020-10-05 19:21:18.035915,Carhartt Baby-Girls Acrylic Watch Hat Hat,No,25,B002G9UDYG,AEFDKSTEJA7CBLQUI3DZ5FS47MQQ,B017DZ30GK
16,AGKBADKGTO74ENPSTM5WHJSSYSHA,True,Cutest toque for toddlers,"I got this for my son who will be 3 soon for Christmas. It‚Äôs super cute, warm and fits perfectly with room to grow. Just as pictured, Thank you!","December 26, 2019",Lipstickandcoldcoffee,5.0,0,https://www.amazon.ca/gp/profile/amzn1.account.AGKBADKGTO74ENPSTM5WHJSSYSHA/ref=cm_cr_getr_d_gw_btm?ie=UTF8,2020-10-05 19:21:18.040796,2020-10-05 19:21:18.172555,Carhartt Baby-Girls Acrylic Watch Hat Hat,No,25,B002G9UDYG,AEFDKSTEJA7CBLQUI3DZ5FS47MQQ,B017DZ30GK
17,AHSDU32ZELAKAL5IXZIM4N246QWA,True,Great toque!,"Absolutely love this toque!
Bought if for my daughter when she was about 3 months old, she is almost a year, and I honestly believe it will fit her till she is about 5 years old if not longer.","April 3, 2020",Michaela Fusco,5.0,0,https://www.amazon.ca/gp/profile/amzn1.account.AHSDU32ZELAKAL5IXZIM4N246QWA/ref=cm_cr_getr_d_gw_btm?ie=UTF8,2020-10-05 19:21:18.177435,2020-10-05 19:21:18.318956,Carhartt Baby-Girls Acrylic Watch Hat Hat,No,25,B002G9UDYG,AEFDKSTEJA7CBLQUI3DZ5FS47MQQ,B017DZ30GK
18,AGGVTHOB2YV64GPTEOTVX6RODZ3A,True,Love these hats.,Love these hats. Such a great price point too. They fit my two toddlers and almost fits my infant. Very versatile. They all love their daddy and we're so excited to match him in his Carhartt hat.,"November 27, 2018",Samantha ,5.0,0,https://www.amazon.ca/gp/profile/amzn1.account.AGGVTHOB2YV64GPTEOTVX6RODZ3A/ref=cm_cr_getr_d_gw_btm?ie=UTF8,2020-10-05 19:21:18.323835,2020-10-05 19:21:18.455595,Carhartt Baby-Girls Acrylic Watch Hat Hat,No,25,B002G9UDYG,AEFDKSTEJA7CBLQUI3DZ5FS47MQQ,B017DZ30GK
19,AGQUA2BLSSR6C3CK6Z6WENKF4BJQ,True,SO CUTE on my baby,"My baby is 4 months old, this hat fits, but still with some room to grow. Would probably fit a toddler, my baby has a big head lol","January 9, 2020",Madison,5.0,0,https://www.amazon.ca/gp/profile/amzn1.account.AGQUA2BLSSR6C3CK6Z6WENKF4BJQ/ref=cm_cr_getr_d_gw_btm?ie=UTF8,2020-10-05 19:21:18.460475,2020-10-05 19:21:18.603978,Carhartt Baby-Girls Acrylic Watch Hat Hat,No,25,B002G9UDYG,AEFDKSTEJA7CBLQUI3DZ5FS47MQQ,B017DZ30GK
20,AHAOJFUF42DEIZSESAZX272OOG6Q,True,Good Quality,"Great quality product. Fits both my 8 month old and stretches to fit my 2.5 year old!

Good hat to have as extra. Bought a couple because you can never have enough toques!","September 11, 2020",Nicole Walton,5.0,0,https://www.amazon.ca/gp/profile/amzn1.account.AHAOJFUF42DEIZSESAZX272OOG6Q/ref=cm_cr_getr_d_gw_btm?ie=UTF8,2020-10-05 19:21:23.751124,2020-10-05 19:21:23.879995,Carhartt Baby-Girls Acrylic Watch Hat Hat,No,25,B002G9UDYG,AEFDKSTEJA7CBLQUI3DZ5FS47MQQ,B017DZ30GK
21,AEXGLD62YJEFKACFPIUQVCUWNDZQ,True,Super cute,Bought it for my 2 year old daughter. She loves her Carhartt hats. She has several colors and needed to have a pink one. The toddler size was a perfect fit.,"May 11, 2019",RubyPG,5.0,One,https://www.amazon.ca/gp/profile/amzn1.account.AEXGLD62YJEFKACFPIUQVCUWNDZQ/ref=cm_cr_getr_d_gw_btm?ie=UTF8,2020-10-05 19:21:23.885852,2020-10-05 19:21:24.017640,Carhartt Baby-Girls Acrylic Watch Hat Hat,No,25,B002G9UDYG,AEFDKSTEJA7CBLQUI3DZ5FS47MQQ,B017DZ30GK
22,AGC3DRHT47PO646SDUVMEI2PQ5QA,True,Great winter hat for a toddler.,"Love this hat. Fits well to my daughters head. Doesn‚Äôt stretch too much like others. Most importantly, it‚Äôs warm :)","November 6, 2019",brianne,5.0,0,https://www.amazon.ca/gp/profile/amzn1.account.AGC3DRHT47PO646SDUVMEI2PQ5QA/ref=cm_cr_getr_d_gw_btm?ie=UTF8,2020-10-05 19:21:24.022520,2020-10-05 19:21:24.167002,Carhartt Baby-Girls Acrylic Watch Hat Hat,No,25,B002G9UDYG,AEFDKSTEJA7CBLQUI3DZ5FS47MQQ,B017DZ30GK
23,AH6FXQZMUQTVJAHSJJ24BYYZNMBA,True,Nice purchase,"Smaller than expected, but it is still a very good purchase. Bought it for a 3years old boy. Good quality, made in USA. The color is nice.","November 25, 2018",Claudaya,5.0,2,https://www.amazon.ca/gp/profile/amzn1.account.AH6FXQZMUQTVJAHSJJ24BYYZNMBA/ref=cm_cr_getr_d_gw_btm?ie=UTF8,2020-10-05 19:21:24.171848,2020-10-05 19:21:24.306536,Carhartt Baby-Girls Acrylic Watch Hat Hat,No,25,B002G9UDYG,AEFDKSTEJA7CBLQUI3DZ5FS47MQQ,B017DZ30GK
24,AGCOX7X3CWPCY4O5ZNIVTXXA4KFQ,True,Sketchy stitching,It‚Äôs a cute hat. Fits my 9 month old well. The only thing that bugs me is the stitching on the front tag.. it‚Äôs really lop sided and doesnt look the best.,"November 16, 2019",Tiffany,3.0,0,https://www.amazon.ca/gp/profile/amzn1.account.AGCOX7X3CWPCY4O5ZNIVTXXA4KFQ/ref=cm_cr_getr_d_gw_btm?ie=UTF8,2020-10-05 19:21:24.312392,2020-10-05 19:21:24.442231,Carhartt Baby-Girls Acrylic Watch Hat Hat,No,25,B002G9UDYG,AEFDKSTEJA7CBLQUI3DZ5FS47MQQ,B017DZ30GK
25,AEBI6XRDZ7P4GZWBQ2BJPVD645VA,True,As expected,No problems with this product - I bought it for my daughter to use in her school musical.,"December 26, 2019",1dad2kids,5.0,0,https://www.amazon.ca/gp/profile/amzn1.account.AEBI6XRDZ7P4GZWBQ2BJPVD645VA/ref=cm_cr_getr_d_gw_btm?ie=UTF8,2020-10-05 19:21:24.447079,2020-10-05 19:21:24.589574,Carhartt Baby-Girls Acrylic Watch Hat Hat,No,25,B002G9UDYG,AEFDKSTEJA7CBLQUI3DZ5FS47MQQ,B017DZ30GK
26,AHHJRGFMV4IA2MLXW7DALPA7BV2Q,True,Cute,Was cute. Fits my almost one year old nephew with lots of stretch. Wish it was the normal carhartt light brown colour though.,"September 16, 2020",Megan S,5.0,0,https://www.amazon.ca/gp/profile/amzn1.account.AHHJRGFMV4IA2MLXW7DALPA7BV2Q/ref=cm_cr_getr_d_gw_btm?ie=UTF8,2020-10-05 19:21:24.594454,2020-10-05 19:21:24.727190,Carhartt Baby-Girls Acrylic Watch Hat Hat,No,25,B002G9UDYG,AEFDKSTEJA7CBLQUI3DZ5FS47MQQ,B017DZ30GK
27,AEAYM6FOABFFE5BL76BGSYWEQE2A,True,really happy i found this nice hat for my son,"happy i found this hat for my son , they are not easy to find and i love the color","August 10, 2020",Emma Cerin,5.0,0,https://www.amazon.ca/gp/profile/amzn1.account.AEAYM6FOABFFE5BL76BGSYWEQE2A/ref=cm_cr_getr_d_gw_btm?ie=UTF8,2020-10-05 19:21:24.732070,2020-10-05 19:21:24.875542,Carhartt Baby-Girls Acrylic Watch Hat Hat,No,25,B002G9UDYG,AEFDKSTEJA7CBLQUI3DZ5FS47MQQ,B017DZ30GK
28,AESTENUXF3H4LK3KB57EUEWVUPRQ,True,Awesome quality!!! Love this toque,"Love this toque. Fits perfect, stays on my 8 month old!!! Such a cute head wear for my baby this winter. Awesome price. She can wear It till she is 3-4 years for sure.","February 12, 2020",Lesley Anderson,5.0,0,https://www.amazon.ca/gp/profile/amzn1.account.AESTENUXF3H4LK3KB57EUEWVUPRQ/ref=cm_cr_getr_d_gw_btm?ie=UTF8,2020-10-05 19:21:24.880422,2020-10-05 19:21:25.012182,Carhartt Baby-Girls Acrylic Watch Hat Hat,No,25,B002G9UDYG,AEFDKSTEJA7CBLQUI3DZ5FS47MQQ,B017DZ30GK
29,AG5CI7EOPRR32P3R2GB7JVFNLOLQ,True,very cute but darker than picture,"super cute, great fit for 1yo. expected it to be fluorescent based on the photo but is a darker pink colour","January 30, 2020",SimonCharlie,5.0,0,https://www.amazon.ca/gp/profile/amzn1.account.AG5CI7EOPRR32P3R2GB7JVFNLOLQ/ref=cm_cr_getr_d_gw_btm?ie=UTF8,2020-10-05 19:21:25.017062,2020-10-05 19:21:25.145894,Carhartt Baby-Girls Acrylic Watch Hat Hat,No,25,B002G9UDYG,AEFDKSTEJA7CBLQUI3DZ5FS47MQQ,B017DZ30GK
30,AFF27B66FQVROY67JLQZOTMD2QPQ,True,Would recommend,My granddaughter loves to wear her carhartt toque. It fits her perfectly.,"November 2, 2019",Patrice,5.0,0,https://www.amazon.ca/gp/profile/amzn1.account.AFF27B66FQVROY67JLQZOTMD2QPQ/ref=cm_cr_getr_d_gw_btm?ie=UTF8,2020-10-05 19:21:27.277473,2020-10-05 19:21:27.432656,Carhartt Baby-Girls Acrylic Watch Hat Hat,No,25,B002G9UDYG,AEFDKSTEJA7CBLQUI3DZ5FS47MQQ,B017DZ30GK
31,AEON5IQDTVRJP5UIS5GJFXAIZ7CA,True,"Cute hats, great fit!",Great hat. My girls love them and they match daddy but pink. Seems to keep them warm and they are great because you can fold them up to make them fit smaller(baby) heads not just toddler/girls!,"April 3, 2019",Chelsey,5.0,0,https://www.amazon.ca/gp/profile/amzn1.account.AEON5IQDTVRJP5UIS5GJFXAIZ7CA/ref=cm_cr_getr_d_gw_btm?ie=UTF8,2020-10-05 19:21:27.438512,2020-10-05 19:21:27.569296,Carhartt Baby-Girls Acrylic Watch Hat Hat,No,25,B002G9UDYG,AEFDKSTEJA7CBLQUI3DZ5FS47MQQ,B017DZ30GK
32,AEPKNE56TIS2CEEOCK5AZQQIJWPQ,True,As expected,The product is great; unfortunately didn't arrive in time for our Christmas at the mountain.,"January 11, 2020",Chelsey,4.0,0,https://www.amazon.ca/gp/profile/amzn1.account.AEPKNE56TIS2CEEOCK5AZQQIJWPQ/ref=cm_cr_getr_d_gw_btm?ie=UTF8,2020-10-05 19:21:27.574176,2020-10-05 19:21:27.718624,Carhartt Baby-Girls Acrylic Watch Hat Hat,No,25,B002G9UDYG,AEFDKSTEJA7CBLQUI3DZ5FS47MQQ,B017DZ30GK
33,AGVMIG6Z6B2RGGUDSJXXG3T7SD2A,True,It‚Äôs a great purchase just a lil to big for my 2 month old wish they made smaller ones,I bought it for my son who is 2 months old knowing it was gonna be a bit to big but that‚Äôs good because it‚Äôll last awhile!! Fits his head just a lot of space in the top,"October 17, 2019",Alysa Tequila Rae Laurie,5.0,0,https://www.amazon.ca/gp/profile/amzn1.account.AGVMIG6Z6B2RGGUDSJXXG3T7SD2A/ref=cm_cr_getr_d_gw_btm?ie=UTF8,2020-10-05 19:21:27.723504,2020-10-05 19:21:27.853311,Carhartt Baby-Girls Acrylic Watch Hat Hat,No,25,B002G9UDYG,AEFDKSTEJA7CBLQUI3DZ5FS47MQQ,B017DZ30GK
34,AFNKXHOK7OQR7K635VBCEFQTLE5Q,True,Very cute,"Adorable kids carhartt hat, love that they make these in kids sizes","November 18, 2019",Stephy,5.0,0,https://www.amazon.ca/gp/profile/amzn1.account.AFNKXHOK7OQR7K635VBCEFQTLE5Q/ref=cm_cr_getr_d_gw_btm?ie=UTF8,2020-10-05 19:21:27.858191,2020-10-05 19:21:27.987999,Carhartt Baby-Girls Acrylic Watch Hat Hat,No,25,B002G9UDYG,AEFDKSTEJA7CBLQUI3DZ5FS47MQQ,B017DZ30GK
35,AH5723XQUCFOOC7WHCIEOU4K64MQ,True,Warm and great,Fits my 5 year. Old greaaat still alot of room to grow,"October 24, 2019",Turtle üê¢,5.0,0,https://www.amazon.ca/gp/profile/amzn1.account.AH5723XQUCFOOC7WHCIEOU4K64MQ/ref=cm_cr_getr_d_gw_btm?ie=UTF8,2020-10-05 19:21:27.992878,2020-10-05 19:21:28.144159,Carhartt Baby-Girls Acrylic Watch Hat Hat,No,25,B002G9UDYG,AEFDKSTEJA7CBLQUI3DZ5FS47MQQ,B017DZ30GK
36,AGCMJVZEJIQRCCUSGHLRILMYYLBA,True,YIKES..,extremely tight and the colour looks NOTHING at all how it does in the pictures..,"January 15, 2020",Kiara,1.0,0,https://www.amazon.ca/gp/profile/amzn1.account.AGCMJVZEJIQRCCUSGHLRILMYYLBA/ref=cm_cr_getr_d_gw_btm?ie=UTF8,2020-10-05 19:21:28.150046,2020-10-05 19:21:28.296414,Carhartt Baby-Girls Acrylic Watch Hat Hat,No,25,B002G9UDYG,AEFDKSTEJA7CBLQUI3DZ5FS47MQQ,B017DZ30GK
37,AEXLDNPC2B5XYAOPRSV7MME5TUQA,True,Cute as hell,My daughter was 11 months when I bought this for her and now she is 14 months still fits great and it‚Äôs cute as hell.,"April 6, 2020",Andrew Gingras,5.0,0,https://www.amazon.ca/gp/profile/amzn1.account.AEXLDNPC2B5XYAOPRSV7MME5TUQA/ref=cm_cr_getr_d_gw_btm?ie=UTF8,2020-10-05 19:21:28.301295,2020-10-05 19:21:28.435006,Carhartt Baby-Girls Acrylic Watch Hat Hat,No,25,B002G9UDYG,AEFDKSTEJA7CBLQUI3DZ5FS47MQQ,B017DZ30GK
38,AGOEISUQP2HS3SNCIIDQPMZW435A,True,Great Hat,This hat is a great fit for my 2.5 year old girl. It covers her years and is nice a snug.,"November 23, 2019",C. A. Misiaszek,5.0,0,https://www.amazon.ca/gp/profile/amzn1.account.AGOEISUQP2HS3SNCIIDQPMZW435A/ref=cm_cr_getr_d_gw_btm?ie=UTF8,2020-10-05 19:21:28.439911,2020-10-05 19:21:28.585310,Carhartt Baby-Girls Acrylic Watch Hat Hat,No,25,B002G9UDYG,AEFDKSTEJA7CBLQUI3DZ5FS47MQQ,B017DZ30GK
39,AHZW7V2G4NADHLXLQWZ2TRFX2IYA,True,Use all the time,Nice hat. Fits well and stays on my toddlers head.,"February 23, 2020",Amazon Customer,5.0,0,https://www.amazon.ca/gp/profile/amzn1.account.AHZW7V2G4NADHLXLQWZ2TRFX2IYA/ref=cm_cr_getr_d_gw_btm?ie=UTF8,2020-10-05 19:21:28.589214,2020-10-05 19:21:28.720973,Carhartt Baby-Girls Acrylic Watch Hat Hat,No,25,B002G9UDYG,AEFDKSTEJA7CBLQUI3DZ5FS47MQQ,B017DZ30GK
40,AGV634AX4DWBBQZ3YEUNK7DBUNPQ,True,So cute and warm,Super cute and warm! Love how it folds up over the ears to keep the ears extra warm! Good price too!,"November 19, 2019",Amazon Customer,5.0,0,https://www.amazon.ca/gp/profile/amzn1.account.AGV634AX4DWBBQZ3YEUNK7DBUNPQ/ref=cm_cr_getr_d_gw_btm?ie=UTF8,2020-10-05 19:21:30.841183,2020-10-05 19:21:30.981724,Carhartt Baby-Girls Acrylic Watch Hat Hat,No,25,B002G9UDYG,AEFDKSTEJA7CBLQUI3DZ5FS47MQQ,B017DZ30GK
41,AEYRKPRTRYBIU3P2HG6UREHS7BIQ,True,Great price,"Fits great, keeps him warm and we get a ton of compliments on it.","February 21, 2020",Mrs. Overton,5.0,0,https://www.amazon.ca/gp/profile/amzn1.account.AEYRKPRTRYBIU3P2HG6UREHS7BIQ/ref=cm_cr_getr_d_gw_btm?ie=UTF8,2020-10-05 19:21:30.986605,2020-10-05 19:21:31.122270,Carhartt Baby-Girls Acrylic Watch Hat Hat,No,25,B002G9UDYG,AEFDKSTEJA7CBLQUI3DZ5FS47MQQ,B017DZ30GK
42,AF6H5CM6P7NL2SDW4R27XD5STL2Q,True,Awesome,My 3 yr old is in love with this hat! Fast shipping! And let‚Äôs just say I ordered 6 more in the adult size because all of the adults in the family want one to now!,"October 10, 2018",Fawn,5.0,0,https://www.amazon.ca/gp/profile/amzn1.account.AF6H5CM6P7NL2SDW4R27XD5STL2Q/ref=cm_cr_getr_d_gw_btm?ie=UTF8,2020-10-05 19:21:31.127149,2020-10-05 19:21:31.258908,Carhartt Baby-Girls Acrylic Watch Hat Hat,No,25,B002G9UDYG,AEFDKSTEJA7CBLQUI3DZ5FS47MQQ,B017DZ30GK
43,AGTJJVCD72N7GATT7BK5SJVV5VYQ,True,Exactly how it‚Äôs pictured,Got this for a little gift for my niece! Great packaging! Love it looks adorable!,"November 26, 2019",Natalie,5.0,0,https://www.amazon.ca/gp/profile/amzn1.account.AGTJJVCD72N7GATT7BK5SJVV5VYQ/ref=cm_cr_getr_d_gw_btm?ie=UTF8,2020-10-05 19:21:31.262813,2020-10-05 19:21:31.395549,Carhartt Baby-Girls Acrylic Watch Hat Hat,No,25,B002G9UDYG,AEFDKSTEJA7CBLQUI3DZ5FS47MQQ,B017DZ30GK
44,AEOGRVZE7X3SCW5XHABUUR4PB64Q,True,Misleading photos,"Ordered the pink, very disappointed- the photo is completely misleading about the colour. It is more of a dull pink, no where close to neon. Wouldn‚Äôt have purchased it if the picture was accurate.","September 24, 2020",Amazon Customer,1.0,0,https://www.amazon.ca/gp/profile/amzn1.account.AEOGRVZE7X3SCW5XHABUUR4PB64Q/ref=cm_cr_getr_d_gw_btm?ie=UTF8,2020-10-05 19:21:31.400427,2020-10-05 19:21:31.564395,Carhartt Baby-Girls Acrylic Watch Hat Hat,No,25,B002G9UDYG,AEFDKSTEJA7CBLQUI3DZ5FS47MQQ,B017DZ30GK
45,AEDOXGT4CQOKFE2R7MEUNJ7PCUGA,True,Mini me carhart! Adorable,Brothers a carhart fan! Needed one for his little,"August 11, 2020",Amazonia,5.0,0,https://www.amazon.ca/gp/profile/amzn1.account.AEDOXGT4CQOKFE2R7MEUNJ7PCUGA/ref=cm_cr_getr_d_gw_btm?ie=UTF8,2020-10-05 19:21:31.569275,2020-10-05 19:21:31.702011,Carhartt Baby-Girls Acrylic Watch Hat Hat,No,25,B002G9UDYG,AEFDKSTEJA7CBLQUI3DZ5FS47MQQ,B017DZ30GK
46,AEQYJMQC5GVJE3G5KP5S3HWDKWEA,True,"Good quality, colour and look","Love the quality, colour and look of the hat on my girl.","October 9, 2019",Terah-Lyn Hartley,5.0,0,https://www.amazon.ca/gp/profile/amzn1.account.AEQYJMQC5GVJE3G5KP5S3HWDKWEA/ref=cm_cr_getr_d_gw_btm?ie=UTF8,2020-10-05 19:21:31.706891,2020-10-05 19:21:31.839658,Carhartt Baby-Girls Acrylic Watch Hat Hat,No,25,B002G9UDYG,AEFDKSTEJA7CBLQUI3DZ5FS47MQQ,B017DZ30GK
47,AHTIRHCD7F4KHDH65RCAQ44G7GOQ,True,As described,Great price and brand new quality.,"December 26, 2019",Amazon Customer,5.0,0,https://www.amazon.ca/gp/profile/amzn1.account.AHTIRHCD7F4KHDH65RCAQ44G7GOQ/ref=cm_cr_getr_d_gw_btm?ie=UTF8,2020-10-05 19:21:31.844507,2020-10-05 19:21:31.976267,Carhartt Baby-Girls Acrylic Watch Hat Hat,No,25,B002G9UDYG,AEFDKSTEJA7CBLQUI3DZ5FS47MQQ,B017DZ30GK
48,AGHMRRGWKHT3X3RKEYZJI3CCESKA,True,Keep them warm,Perfect fit and definitely warm. I own an adult sized.,"January 5, 2020",Cory Eagle,5.0,0,https://www.amazon.ca/gp/profile/amzn1.account.AGHMRRGWKHT3X3RKEYZJI3CCESKA/ref=cm_cr_getr_d_gw_btm?ie=UTF8,2020-10-05 19:21:31.981147,2020-10-05 19:21:32.112906,Carhartt Baby-Girls Acrylic Watch Hat Hat,No,25,B002G9UDYG,AEFDKSTEJA7CBLQUI3DZ5FS47MQQ,B017DZ30GK
49,AGTCQNJYQAUTDVVZCHO6GU3DYGBA,True,Quality,Very comfy and stretchy! Daughter loves it so much we bought 2!,"November 22, 2019",Sarah,5.0,0,https://www.amazon.ca/gp/profile/amzn1.account.AGTCQNJYQAUTDVVZCHO6GU3DYGBA/ref=cm_cr_getr_d_gw_btm?ie=UTF8,2020-10-05 19:21:32.117787,2020-10-05 19:21:32.270041,Carhartt Baby-Girls Acrylic Watch Hat Hat,No,25,B002G9UDYG,AEFDKSTEJA7CBLQUI3DZ5FS47MQQ,B017DZ30GK
50,AGGKAODIDK3PTRHLLOGXQKFBZIIQ,True,Good quality,"It is a bit big for my 4 month old, but you can adjust the hat to make it fit smaller. Super cute and good quality","November 27, 2019",Amazon Customer,5.0,0,https://www.amazon.ca/gp/profile/amzn1.account.AGGKAODIDK3PTRHLLOGXQKFBZIIQ/ref=cm_cr_getr_d_gw_btm?ie=UTF8,2020-10-05 19:21:38.392485,2020-10-05 19:21:38.529123,Carhartt Baby-Girls Acrylic Watch Hat Hat,No,25,B002G9UDYG,AEFDKSTEJA7CBLQUI3DZ5FS47MQQ,B017DZ30GK
51,AGOEOQAUIHP6ZYBCN2IT5AVPK4RQ,True,"Cute, comfy, and great quality!","So cute and stylish! Fit my 1-year old's head perfectly, with room to grow. Stays on but doesn't squeeze baby's head. Love the colour!","January 20, 2020",Amazon Customer,5.0,0,https://www.amazon.ca/gp/profile/amzn1.account.AGOEOQAUIHP6ZYBCN2IT5AVPK4RQ/ref=cm_cr_getr_d_gw_btm?ie=UTF8,2020-10-05 19:21:38.534003,2020-10-05 19:21:38.665796,Carhartt Baby-Girls Acrylic Watch Hat Hat,No,25,B002G9UDYG,AEFDKSTEJA7CBLQUI3DZ5FS47MQQ,B017DZ30GK
52,AGUVDUSKHE3I6F456A4QSL24BJQQ,True,Worth it.,Fits perfectly on my 8 month old daughter. Should fit her for months to come. Great quality and fast shipping!,"November 2, 2019",Tracy Syrette,5.0,0,https://www.amazon.ca/gp/profile/amzn1.account.AGUVDUSKHE3I6F456A4QSL24BJQQ/ref=cm_cr_getr_d_gw_btm?ie=UTF8,2020-10-05 19:21:38.670643,2020-10-05 19:21:38.801427,Carhartt Baby-Girls Acrylic Watch Hat Hat,No,25,B002G9UDYG,AEFDKSTEJA7CBLQUI3DZ5FS47MQQ,B017DZ30GK
53,AFCGRS6KWXXNNA47FTIE336DW2HA,True,Love,Great fit for my 5 year old.,"November 4, 2019",Lin,5.0,0,https://www.amazon.ca/gp/profile/amzn1.account.AFCGRS6KWXXNNA47FTIE336DW2HA/ref=cm_cr_getr_d_gw_btm?ie=UTF8,2020-10-05 19:21:38.806306,2020-10-05 19:21:38.937090,Carhartt Baby-Girls Acrylic Watch Hat Hat,No,25,B002G9UDYG,AEFDKSTEJA7CBLQUI3DZ5FS47MQQ,B017DZ30GK
54,AF55MIDOZXYOEDTOVFZCV2Z7YCRA,True,Runs small?,"Great quality just very snug for my 9mo. old boy, tight enough it pushes his eyelids down if low enough. Wont fit for long","December 11, 2019",Cheyanne Lees,4.0,0,https://www.amazon.ca/gp/profile/amzn1.account.AF55MIDOZXYOEDTOVFZCV2Z7YCRA/ref=cm_cr_getr_d_gw_btm?ie=UTF8,2020-10-05 19:21:38.941970,2020-10-05 19:21:39.098129,Carhartt Baby-Girls Acrylic Watch Hat Hat,No,25,B002G9UDYG,AEFDKSTEJA7CBLQUI3DZ5FS47MQQ,B017DZ30GK
55,AGH2UA7AEE7D7VILSUQ5JQJQUAUA,True,Good quality,"I keep ordering these for my son, great quality and good price.","November 19, 2018",Kashmir,5.0,0,https://www.amazon.ca/gp/profile/amzn1.account.AGH2UA7AEE7D7VILSUQ5JQJQUAUA/ref=cm_cr_getr_d_gw_btm?ie=UTF8,2020-10-05 19:21:39.103048,2020-10-05 19:21:39.229929,Carhartt Baby-Girls Acrylic Watch Hat Hat,No,25,B002G9UDYG,AEFDKSTEJA7CBLQUI3DZ5FS47MQQ,B017DZ30GK
56,AETF6AJUPY5NOUFAXBWJMZN5IMOQ,True,Very nice and cute,Very nice and cute.,"October 14, 2019",Taiwo O.,5.0,0,https://www.amazon.ca/gp/profile/amzn1.account.AETF6AJUPY5NOUFAXBWJMZN5IMOQ/ref=cm_cr_getr_d_gw_btm?ie=UTF8,2020-10-05 19:21:39.235812,2020-10-05 19:21:39.364652,Carhartt Baby-Girls Acrylic Watch Hat Hat,No,25,B002G9UDYG,AEFDKSTEJA7CBLQUI3DZ5FS47MQQ,B017DZ30GK
57,AEIWMRIZOHWUGDR3CHT7Z3AIYLVA,True,As expected for Carhartt,Looks awesome and we got it on sale for 9$!,"December 12, 2019",Spencer,5.0,0,https://www.amazon.ca/gp/profile/amzn1.account.AEIWMRIZOHWUGDR3CHT7Z3AIYLVA/ref=cm_cr_getr_d_gw_btm?ie=UTF8,2020-10-05 19:21:39.369530,2020-10-05 19:21:39.514953,Carhartt Baby-Girls Acrylic Watch Hat Hat,No,25,B002G9UDYG,AEFDKSTEJA7CBLQUI3DZ5FS47MQQ,B017DZ30GK
58,AHO3VIAPFPOOZA2DGCSVSV35M6SQ,True,"Cute, affordable & fashionable","I love this little hat, it looks so cute on her! I will be ordering one for my toddler son!","September 7, 2020",Lori,5.0,0,https://www.amazon.ca/gp/profile/amzn1.account.AHO3VIAPFPOOZA2DGCSVSV35M6SQ/ref=cm_cr_getr_d_gw_btm?ie=UTF8,2020-10-05 19:21:39.519833,2020-10-05 19:21:39.648665,Carhartt Baby-Girls Acrylic Watch Hat Hat,No,25,B002G9UDYG,AEFDKSTEJA7CBLQUI3DZ5FS47MQQ,B017DZ30GK
59,AHNACECGRREDTPCTGZ3RVK3HKK2Q,True,Good hat,"I'm a teen with a relatively small head, and this fits perfectly. Love it.","March 6, 2020",anonymous ,4.0,0,https://www.amazon.ca/gp/profile/amzn1.account.AHNACECGRREDTPCTGZ3RVK3HKK2Q/ref=cm_cr_getr_d_gw_btm?ie=UTF8,2020-10-05 19:21:39.653544,2020-10-05 19:21:39.823368,Carhartt Baby-Girls Acrylic Watch Hat Hat,No,25,B002G9UDYG,AEFDKSTEJA7CBLQUI3DZ5FS47MQQ,B017DZ30GK
60,AHAST6CZLCA325J2YMJPS6PDL6GQ,True,Actually made by Carhartt,"great quality, as cathartic is known for.","October 15, 2019",Brett-Lyn,5.0,0,https://www.amazon.ca/gp/profile/amzn1.account.AHAST6CZLCA325J2YMJPS6PDL6GQ/ref=cm_cr_getr_d_gw_btm?ie=UTF8,2020-10-05 19:21:45.967745,2020-10-05 19:21:46.125855,Carhartt Baby-Girls Acrylic Watch Hat Hat,No,25,B002G9UDYG,AEFDKSTEJA7CBLQUI3DZ5FS47MQQ,B017DZ30GK
61,AGAUILDL6JBRSSTNT5F6SSMMPNIA,True,Colour not as expected,"I‚Äôm a 27 y/o female and it fits well. However, the colour pink in the picture is much lighter than the actual hat, which I was disappointed about.","December 3, 2018",Victoria,2.0,0,https://www.amazon.ca/gp/profile/amzn1.account.AGAUILDL6JBRSSTNT5F6SSMMPNIA/ref=cm_cr_getr_d_gw_btm?ie=UTF8,2020-10-05 19:21:46.130735,2020-10-05 19:21:46.261518,Carhartt Baby-Girls Acrylic Watch Hat Hat,No,25,B002G9UDYG,AEFDKSTEJA7CBLQUI3DZ5FS47MQQ,B017DZ30GK
62,AE3EQOCXDF454J5KZHMHONPJEIVA,True,Awesome!,Love this! I thought it was a different colour (more neon) but it‚Äôs just a normal pink. Still cute though!,"December 2, 2019",Mariah,5.0,0,https://www.amazon.ca/gp/profile/amzn1.account.AE3EQOCXDF454J5KZHMHONPJEIVA/ref=cm_cr_getr_d_gw_btm?ie=UTF8,2020-10-05 19:21:46.267374,2020-10-05 19:21:46.395273,Carhartt Baby-Girls Acrylic Watch Hat Hat,No,25,B002G9UDYG,AEFDKSTEJA7CBLQUI3DZ5FS47MQQ,B017DZ30GK
63,AFYI5J7EQQ7RJYYCCTQUO722CWGA,True,Recommended,100% recommended,"October 12, 2019",reyes,5.0,0,https://www.amazon.ca/gp/profile/amzn1.account.AFYI5J7EQQ7RJYYCCTQUO722CWGA/ref=cm_cr_getr_d_gw_btm?ie=UTF8,2020-10-05 19:21:46.400154,2020-10-05 19:21:46.546553,Carhartt Baby-Girls Acrylic Watch Hat Hat,No,25,B002G9UDYG,AEFDKSTEJA7CBLQUI3DZ5FS47MQQ,B017DZ30GK
64,AHSGE72ATXHUUB2DJ3C237NR56KQ,True,Came as pictured,Fit perfectly,"December 14, 2019",Matt G.,5.0,0,https://www.amazon.ca/gp/profile/amzn1.account.AHSGE72ATXHUUB2DJ3C237NR56KQ/ref=cm_cr_getr_d_gw_btm?ie=UTF8,2020-10-05 19:21:46.552409,2020-10-05 19:21:46.679288,Carhartt Baby-Girls Acrylic Watch Hat Hat,No,25,B002G9UDYG,AEFDKSTEJA7CBLQUI3DZ5FS47MQQ,B017DZ30GK
65,AFAFZ5XPKLZWBFIB3RTJHODOO4DA,True,She loves it!,Fits great as my girlfriend is pretty petite. She says it‚Äôs her warmest hat. It‚Äôs pretty cute too.,"February 6, 2018",theodore moore,5.0,0,https://www.amazon.ca/gp/profile/amzn1.account.AFAFZ5XPKLZWBFIB3RTJHODOO4DA/ref=cm_cr_getr_d_gw_btm?ie=UTF8,2020-10-05 19:21:46.684169,2020-10-05 19:21:46.814995,Carhartt Baby-Girls Acrylic Watch Hat Hat,No,25,B002G9UDYG,AEFDKSTEJA7CBLQUI3DZ5FS47MQQ,B017DZ30GK
66,AEQ7VGRFE6ISIPXAIH2JGSWSDZ5Q,True,Love the gat,Great hat. Really warm. Fit my 11 month old with room to grow,"December 18, 2019",JaydeeL,5.0,0,https://www.amazon.ca/gp/profile/amzn1.account.AEQ7VGRFE6ISIPXAIH2JGSWSDZ5Q/ref=cm_cr_getr_d_gw_btm?ie=UTF8,2020-10-05 19:21:46.819876,2020-10-05 19:21:46.968228,Carhartt Baby-Girls Acrylic Watch Hat Hat,No,25,B002G9UDYG,AEFDKSTEJA7CBLQUI3DZ5FS47MQQ,B017DZ30GK
67,AFTUG24OKBOCNUMJS7KCYGXD2EFA,True,Five Stars,Bought it for myself (adult) and still fits just fine. Lots of compliments:),"March 13, 2018",ashlee,5.0,0,https://www.amazon.ca/gp/profile/amzn1.account.AFTUG24OKBOCNUMJS7KCYGXD2EFA/ref=cm_cr_getr_d_gw_btm?ie=UTF8,2020-10-05 19:21:46.973107,2020-10-05 19:21:47.108770,Carhartt Baby-Girls Acrylic Watch Hat Hat,No,25,B002G9UDYG,AEFDKSTEJA7CBLQUI3DZ5FS47MQQ,B017DZ30GK
68,AHUMAA457QTNQ2DMDGQAGDYLVGAA,True,Nice fit,Good quality. Fits my 10 month old,"September 11, 2019",Justine,5.0,0,https://www.amazon.ca/gp/profile/amzn1.account.AHUMAA457QTNQ2DMDGQAGDYLVGAA/ref=cm_cr_getr_d_gw_btm?ie=UTF8,2020-10-05 19:21:47.113651,2020-10-05 19:21:47.259076,Carhartt Baby-Girls Acrylic Watch Hat Hat,No,25,B002G9UDYG,AEFDKSTEJA7CBLQUI3DZ5FS47MQQ,B017DZ30GK
69,AH2CZOPKAW5KBDHSR6LGTVGYP2VA,True,it fits small for adults,this product is definitely smaller than the adult size. but I just wanted the pink colour so badly I am willing to squeeze it on my big adult head,"November 13, 2019",Max Inverarity,5.0,0,https://www.amazon.ca/gp/profile/amzn1.account.AH2CZOPKAW5KBDHSR6LGTVGYP2VA/ref=cm_cr_getr_d_gw_btm?ie=UTF8,2020-10-05 19:21:47.264931,2020-10-05 19:21:47.394739,Carhartt Baby-Girls Acrylic Watch Hat Hat,No,25,B002G9UDYG,AEFDKSTEJA7CBLQUI3DZ5FS47MQQ,B017DZ30GK
70,AF6BRMVQB2KPZ6SR3VT3JG7FTF6Q,True,cute,so cute! fits my 6 month son and will be able to wear next winter too!,"September 24, 2019",Justin,5.0,0,https://www.amazon.ca/gp/profile/amzn1.account.AF6BRMVQB2KPZ6SR3VT3JG7FTF6Q/ref=cm_cr_getr_d_gw_btm?ie=UTF8,2020-10-05 19:21:51.540508,2020-10-05 19:21:51.672266,Carhartt Baby-Girls Acrylic Watch Hat Hat,No,25,B002G9UDYG,AEFDKSTEJA7CBLQUI3DZ5FS47MQQ,B017DZ30GK
71,AFB773PU2F3CQO2K65GN4A54XAAA,True,exactly what i expected,perfect for my 3 year old son.,"September 27, 2019",Francesca,5.0,0,https://www.amazon.ca/gp/profile/amzn1.account.AFB773PU2F3CQO2K65GN4A54XAAA/ref=cm_cr_getr_d_gw_btm?ie=UTF8,2020-10-05 19:21:51.677146,2020-10-05 19:21:51.805001,Carhartt Baby-Girls Acrylic Watch Hat Hat,No,25,B002G9UDYG,AEFDKSTEJA7CBLQUI3DZ5FS47MQQ,B017DZ30GK
72,AEIWT75PLUBRLQTIOMVEBEGPNJOQ,True,Perfect warm toque,Love these toques,"August 20, 2020",Carly ,5.0,0,https://www.amazon.ca/gp/profile/amzn1.account.AEIWT75PLUBRLQTIOMVEBEGPNJOQ/ref=cm_cr_getr_d_gw_btm?ie=UTF8,2020-10-05 19:21:51.809880,2020-10-05 19:21:51.957257,Carhartt Baby-Girls Acrylic Watch Hat Hat,No,25,B002G9UDYG,AEFDKSTEJA7CBLQUI3DZ5FS47MQQ,B017DZ30GK
73,AHYR6MGTIM4LU7PVG3OJ5C2WIIPA,True,To small,"Very cute, but defiantly fits small. Bought for my 2 year old and it is to small","January 15, 2020",Ryleigh,2.0,0,https://www.amazon.ca/gp/profile/amzn1.account.AHYR6MGTIM4LU7PVG3OJ5C2WIIPA/ref=cm_cr_getr_d_gw_btm?ie=UTF8,2020-10-05 19:21:51.963113,2020-10-05 19:21:52.096825,Carhartt Baby-Girls Acrylic Watch Hat Hat,No,25,B002G9UDYG,AEFDKSTEJA7CBLQUI3DZ5FS47MQQ,B017DZ30GK
74,AEVVJZG2C5FIBAUPZQJTGGCXS47A,True,Great hat,Darker pink than I expected other than that it great! Daughter loved it.,"December 20, 2019",Kassandra Haynes,4.0,0,https://www.amazon.ca/gp/profile/amzn1.account.AEVVJZG2C5FIBAUPZQJTGGCXS47A/ref=cm_cr_getr_d_gw_btm?ie=UTF8,2020-10-05 19:21:52.101704,2020-10-05 19:21:52.249121,Carhartt Baby-Girls Acrylic Watch Hat Hat,No,25,B002G9UDYG,AEFDKSTEJA7CBLQUI3DZ5FS47MQQ,B017DZ30GK
75,AEEMPNJFXOUAMBYNYA76TJ53Y6PA,True,Love our Carhartt toques,Great fit and seems warm. Not itchy! We love our Carhartt toques!,"January 7, 2020",SKtoAZ,5.0,0,https://www.amazon.ca/gp/profile/amzn1.account.AEEMPNJFXOUAMBYNYA76TJ53Y6PA/ref=cm_cr_getr_d_gw_btm?ie=UTF8,2020-10-05 19:21:52.254026,2020-10-05 19:21:52.402388,Carhartt Baby-Girls Acrylic Watch Hat Hat,No,25,B002G9UDYG,AEFDKSTEJA7CBLQUI3DZ5FS47MQQ,B017DZ30GK
76,AGIYDNLVZ5YUHJU6MY4JSGPXBR4Q,True,Great quality!,This hat is great for babies- toddler. Has is as shown in photo and shipping was very fast.,"December 28, 2019",Amazon Customer,5.0,0,https://www.amazon.ca/gp/profile/amzn1.account.AGIYDNLVZ5YUHJU6MY4JSGPXBR4Q/ref=cm_cr_getr_d_gw_btm?ie=UTF8,2020-10-05 19:21:52.408244,2020-10-05 19:21:52.540004,Carhartt Baby-Girls Acrylic Watch Hat Hat,No,25,B002G9UDYG,AEFDKSTEJA7CBLQUI3DZ5FS47MQQ,B017DZ30GK
77,AHQOFHAIO7WSMGJK43TJ27CPUVBA,True,Excellent. I‚Äôd buy it again,Great quality and super cute,"September 29, 2019",Danielle ,5.0,0,https://www.amazon.ca/gp/profile/amzn1.account.AHQOFHAIO7WSMGJK43TJ27CPUVBA/ref=cm_cr_getr_d_gw_btm?ie=UTF8,2020-10-05 19:21:52.543906,2020-10-05 19:21:52.692259,Carhartt Baby-Girls Acrylic Watch Hat Hat,No,25,B002G9UDYG,AEFDKSTEJA7CBLQUI3DZ5FS47MQQ,B017DZ30GK
78,AF4X3HCTK52TI4UPIBUUXKX6VNBQ,True,Worth the buy!!!,The CUTEST toque. A must buy. Fits my 6month old perfect.,"September 18, 2019",Amazon Customer,5.0,0,https://www.amazon.ca/gp/profile/amzn1.account.AF4X3HCTK52TI4UPIBUUXKX6VNBQ/ref=cm_cr_getr_d_gw_btm?ie=UTF8,2020-10-05 19:21:52.698115,2020-10-05 19:21:52.830851,Carhartt Baby-Girls Acrylic Watch Hat Hat,No,25,B002G9UDYG,AEFDKSTEJA7CBLQUI3DZ5FS47MQQ,B017DZ30GK
79,AFKCOSVVSSJJQVS6NHUSZDIERF5Q,True,üëç,Love so cute,"September 22, 2019",kelsey,5.0,0,https://www.amazon.ca/gp/profile/amzn1.account.AFKCOSVVSSJJQVS6NHUSZDIERF5Q/ref=cm_cr_getr_d_gw_btm?ie=UTF8,2020-10-05 19:21:52.834755,2020-10-05 19:21:52.965539,Carhartt Baby-Girls Acrylic Watch Hat Hat,No,25,B002G9UDYG,AEFDKSTEJA7CBLQUI3DZ5FS47MQQ,B017DZ30GK
80,AFNOZRQ3EEJBLVSKI657B7QFZM4Q,True,That the size is right,My granddaughter is going to love her new hat. It‚Äôs just like the picture,"September 15, 2020",Susan,5.0,0,https://www.amazon.ca/gp/profile/amzn1.account.AFNOZRQ3EEJBLVSKI657B7QFZM4Q/ref=cm_cr_getr_d_gw_btm?ie=UTF8,2020-10-05 19:21:56.102337,2020-10-05 19:21:56.239953,Carhartt Baby-Girls Acrylic Watch Hat Hat,No,25,B002G9UDYG,AEFDKSTEJA7CBLQUI3DZ5FS47MQQ,B017DZ30GK
81,AGX7PCJVZJ3UTBGVO4OHG5ONGQRQ,True,Great quality!,Was perfect! Exactly as seen in picture.,"December 13, 2018",SCurry,5.0,0,https://www.amazon.ca/gp/profile/amzn1.account.AGX7PCJVZJ3UTBGVO4OHG5ONGQRQ/ref=cm_cr_getr_d_gw_btm?ie=UTF8,2020-10-05 19:21:56.244833,2020-10-05 19:21:56.372689,Carhartt Baby-Girls Acrylic Watch Hat Hat,No,25,B002G9UDYG,AEFDKSTEJA7CBLQUI3DZ5FS47MQQ,B017DZ30GK
82,AGS5OKPSXKIP65JZHQ5DZLNB2XSQ,True,Adorable!,Cozy and warm! Fit my 9 month old and its super stretchy so im sure it will fit next winter as well!,"December 28, 2018",Kaytlin Rybalka,5.0,0,https://www.amazon.ca/gp/profile/amzn1.account.AGS5OKPSXKIP65JZHQ5DZLNB2XSQ/ref=cm_cr_getr_d_gw_btm?ie=UTF8,2020-10-05 19:21:56.377571,2020-10-05 19:21:56.508352,Carhartt Baby-Girls Acrylic Watch Hat Hat,No,25,B002G9UDYG,AEFDKSTEJA7CBLQUI3DZ5FS47MQQ,B017DZ30GK
83,AHJHSRBUSKY4LR4MN3BML2VYOFPA,True,Great price and quality.,Love this hat. It will fit a wide variety of ages. Great price as well.,"December 22, 2019",crystal Whitlock-upshaw,5.0,0,https://www.amazon.ca/gp/profile/amzn1.account.AHJHSRBUSKY4LR4MN3BML2VYOFPA/ref=cm_cr_getr_d_gw_btm?ie=UTF8,2020-10-05 19:21:56.513233,2020-10-05 19:21:56.663536,Carhartt Baby-Girls Acrylic Watch Hat Hat,No,25,B002G9UDYG,AEFDKSTEJA7CBLQUI3DZ5FS47MQQ,B017DZ30GK
84,AEKLGCJXR3ZNHTUQG4VBDTL6FCAA,True,Ok,Doesn‚Äôt stay on my daughters head,"December 2, 2018",natasha,3.0,0,https://www.amazon.ca/gp/profile/amzn1.account.AEKLGCJXR3ZNHTUQG4VBDTL6FCAA/ref=cm_cr_getr_d_gw_btm?ie=UTF8,2020-10-05 19:21:56.668417,2020-10-05 19:21:56.800176,Carhartt Baby-Girls Acrylic Watch Hat Hat,No,25,B002G9UDYG,AEFDKSTEJA7CBLQUI3DZ5FS47MQQ,B017DZ30GK
85,AEVZV7OG7PFJ5GTWHGZF66C56DGA,True,Fits adult head,I use it now as an adult so big!,"November 16, 2018",shan,5.0,0,https://www.amazon.ca/gp/profile/amzn1.account.AEVZV7OG7PFJ5GTWHGZF66C56DGA/ref=cm_cr_getr_d_gw_btm?ie=UTF8,2020-10-05 19:21:56.804080,2020-10-05 19:21:56.932948,Carhartt Baby-Girls Acrylic Watch Hat Hat,No,25,B002G9UDYG,AEFDKSTEJA7CBLQUI3DZ5FS47MQQ,B017DZ30GK
86,AG27KEFENYXM43IRXR4EOTETVCRA,True,Very cute,Fits,"June 23, 2019",Victoria,5.0,0,https://www.amazon.ca/gp/profile/amzn1.account.AG27KEFENYXM43IRXR4EOTETVCRA/ref=cm_cr_getr_d_gw_btm?ie=UTF8,2020-10-05 19:21:56.937829,2020-10-05 19:21:57.087202,Carhartt Baby-Girls Acrylic Watch Hat Hat,No,25,B002G9UDYG,AEFDKSTEJA7CBLQUI3DZ5FS47MQQ,B017DZ30GK
87,AHYLKAXIX24ULDBS3LRRQJSAMTJQ,True,Perfect for my 7,Perfect for my 7.5 month old who‚Äôs head is in the 97% and too big for infant hats lol. We love it.,"February 14, 2018",Smash,5.0,0,https://www.amazon.ca/gp/profile/amzn1.account.AHYLKAXIX24ULDBS3LRRQJSAMTJQ/ref=cm_cr_getr_d_gw_btm?ie=UTF8,2020-10-05 19:21:57.092082,2020-10-05 19:21:57.221889,Carhartt Baby-Girls Acrylic Watch Hat Hat,No,25,B002G9UDYG,AEFDKSTEJA7CBLQUI3DZ5FS47MQQ,B017DZ30GK
88,AEXMLHSF3KGGFYPLU7ARYHT62GPQ,True,Great hat!,"Warm, cute, fits perfect!","September 19, 2019",Amazon Customer,5.0,0,https://www.amazon.ca/gp/profile/amzn1.account.AEXMLHSF3KGGFYPLU7ARYHT62GPQ/ref=cm_cr_getr_d_gw_btm?ie=UTF8,2020-10-05 19:21:57.226769,2020-10-05 19:21:57.362432,Carhartt Baby-Girls Acrylic Watch Hat Hat,No,25,B002G9UDYG,AEFDKSTEJA7CBLQUI3DZ5FS47MQQ,B017DZ30GK
89,AE5NN2MF7FA4S7QBDVEV3R5AWBNA,True,Perfect fit for one year old,Perfect for our one year old! So cute!,"March 17, 2020",Denis & Jenna Papineau,5.0,0,https://www.amazon.ca/gp/profile/amzn1.account.AE5NN2MF7FA4S7QBDVEV3R5AWBNA/ref=cm_cr_getr_d_gw_btm?ie=UTF8,2020-10-05 19:21:57.367312,2020-10-05 19:21:57.499072,Carhartt Baby-Girls Acrylic Watch Hat Hat,No,25,B002G9UDYG,AEFDKSTEJA7CBLQUI3DZ5FS47MQQ,B017DZ30GK
90,AHXQZQZRSEDMTM4X4RZ3CMSIFOHA,True,Love it!,Got the toddler size for my 4 year old and it fits perfect! And warm,"January 14, 2020",Amazon Customer,5.0,0,https://www.amazon.ca/gp/profile/amzn1.account.AHXQZQZRSEDMTM4X4RZ3CMSIFOHA/ref=cm_cr_getr_d_gw_btm?ie=UTF8,2020-10-05 19:22:02.625268,2020-10-05 19:22:02.809761,Carhartt Baby-Girls Acrylic Watch Hat Hat,No,25,B002G9UDYG,AEFDKSTEJA7CBLQUI3DZ5FS47MQQ,B017DZ30GK
91,AE33D6ERHKMLNL5B4MEEX5SSKBOA,True,As described,Super cute!,"January 15, 2020",Debra,5.0,0,https://www.amazon.ca/gp/profile/amzn1.account.AE33D6ERHKMLNL5B4MEEX5SSKBOA/ref=cm_cr_getr_d_gw_btm?ie=UTF8,2020-10-05 19:22:02.814639,2020-10-05 19:22:02.941536,Carhartt Baby-Girls Acrylic Watch Hat Hat,No,25,B002G9UDYG,AEFDKSTEJA7CBLQUI3DZ5FS47MQQ,B017DZ30GK
92,AFT6GEZ6Z5VCKUJSNKVO2BAVO66Q,True,Love this Carhartt beanie!,Love this toque! Got for my 14 month old and it fits perfect and is a hat she doesn‚Äôt try to rip off! Ordered it in two more colours.,"October 8, 2019",Amazon Customer,5.0,0,https://www.amazon.ca/gp/profile/amzn1.account.AFT6GEZ6Z5VCKUJSNKVO2BAVO66Q/ref=cm_cr_getr_d_gw_btm?ie=UTF8,2020-10-05 19:22:02.946415,2020-10-05 19:22:03.102621,Carhartt Baby-Girls Acrylic Watch Hat Hat,No,25,B002G9UDYG,AEFDKSTEJA7CBLQUI3DZ5FS47MQQ,B017DZ30GK
93,AE6EGAEPGRTPN7AJLD4V7NZCMCYA,True,good service,Good fit. My girls loved them.,"March 21, 2020",Quinn,5.0,0,https://www.amazon.ca/gp/profile/amzn1.account.AE6EGAEPGRTPN7AJLD4V7NZCMCYA/ref=cm_cr_getr_d_gw_btm?ie=UTF8,2020-10-05 19:22:03.108477,2020-10-05 19:22:03.238284,Carhartt Baby-Girls Acrylic Watch Hat Hat,No,25,B002G9UDYG,AEFDKSTEJA7CBLQUI3DZ5FS47MQQ,B017DZ30GK
94,AFK3UQMRXZOSCBVHTEJP6BDAP6PA,True,Great hat,Great hat. Fits my 2 year old daughter great with lots of room to grow as well. Would order again for sure.,"December 27, 2019",Matt Kennedy,5.0,0,https://www.amazon.ca/gp/profile/amzn1.account.AFK3UQMRXZOSCBVHTEJP6BDAP6PA/ref=cm_cr_getr_d_gw_btm?ie=UTF8,2020-10-05 19:22:03.243166,2020-10-05 19:22:03.372974,Carhartt Baby-Girls Acrylic Watch Hat Hat,No,25,B002G9UDYG,AEFDKSTEJA7CBLQUI3DZ5FS47MQQ,B017DZ30GK
95,AGYXY3ZWLI6PYCMD7GU72L3COV2Q,True,Love love love it,"My kids get compliments everywhere we go
I want an adult one now","January 24, 2020",mindy,5.0,0,https://www.amazon.ca/gp/profile/amzn1.account.AGYXY3ZWLI6PYCMD7GU72L3COV2Q/ref=cm_cr_getr_d_gw_btm?ie=UTF8,2020-10-05 19:22:03.377852,2020-10-05 19:22:03.526203,Carhartt Baby-Girls Acrylic Watch Hat Hat,No,25,B002G9UDYG,AEFDKSTEJA7CBLQUI3DZ5FS47MQQ,B017DZ30GK
96,AHJQPDELY5GISE6QQEYULAMZIR4Q,True,Love it!,Absolutely love this toque! It fits my 6 month old perfectly and has enough room on top to grow into! 10/10 would recommend,"September 20, 2020",Hannah Banman,5.0,0,https://www.amazon.ca/gp/profile/amzn1.account.AHJQPDELY5GISE6QQEYULAMZIR4Q/ref=cm_cr_getr_d_gw_btm?ie=UTF8,2020-10-05 19:22:03.531084,2020-10-05 19:22:03.662844,Carhartt Baby-Girls Acrylic Watch Hat Hat,No,25,B002G9UDYG,AEFDKSTEJA7CBLQUI3DZ5FS47MQQ,B017DZ30GK
97,AGJFF7JGAY6BV4O2LPVCIKAOC4EQ,True,Dissatisfied with quality,"It was lopsided, probably a reject of the bunch and not a big deal but pretty noticable and disappointing.","December 4, 2019",leannetrinidad,1.0,0,https://www.amazon.ca/gp/profile/amzn1.account.AGJFF7JGAY6BV4O2LPVCIKAOC4EQ/ref=cm_cr_getr_d_gw_btm?ie=UTF8,2020-10-05 19:22:03.667724,2020-10-05 19:22:03.795618,Carhartt Baby-Girls Acrylic Watch Hat Hat,No,25,B002G9UDYG,AEFDKSTEJA7CBLQUI3DZ5FS47MQQ,B017DZ30GK
98,AH2FVJSCMG74LRTEIMPOUZFKMTQQ,True,Fit ok,Fits my one year old,"October 20, 2019",Amazon Customer,4.0,0,https://www.amazon.ca/gp/profile/amzn1.account.AH2FVJSCMG74LRTEIMPOUZFKMTQQ/ref=cm_cr_getr_d_gw_btm?ie=UTF8,2020-10-05 19:22:03.801473,2020-10-05 19:22:03.953766,Carhartt Baby-Girls Acrylic Watch Hat Hat,No,25,B002G9UDYG,AEFDKSTEJA7CBLQUI3DZ5FS47MQQ,B017DZ30GK
99,AHLMUQL7SO5DJHW36MBRIAHXRXXA,True,Comfortable,"I love it! Just what I expected, very happy with my purchase.","February 14, 2020",Zakary,5.0,0,https://www.amazon.ca/gp/profile/amzn1.account.AHLMUQL7SO5DJHW36MBRIAHXRXXA/ref=cm_cr_getr_d_gw_btm?ie=UTF8,2020-10-05 19:22:03.958646,2020-10-05 19:22:04.088453,Carhartt Baby-Girls Acrylic Watch Hat Hat,No,25,B002G9UDYG,AEFDKSTEJA7CBLQUI3DZ5FS47MQQ,B017DZ30GK
100,AEG4XHVIXBYZ4NG544VMRQUHM7HQ,True,Warm hat,Nice warm hat with style,"November 27, 2018",Jonathan Campbell,5.0,0,https://www.amazon.ca/gp/profile/amzn1.account.AEG4XHVIXBYZ4NG544VMRQUHM7HQ/ref=cm_cr_getr_d_gw_btm?ie=UTF8,2020-10-05 19:22:06.246174,2020-10-05 19:22:06.384763,Carhartt Baby-Girls Acrylic Watch Hat Hat,No,25,B002G9UDYG,AEFDKSTEJA7CBLQUI3DZ5FS47MQQ,B017DZ30GK
101,AHSVU2TFW54Y3KDD5J7J3CN5ZBKA,True,AMAZING!,Fits a good age range. Fits 6 months to 18 months and will be able to wear longer! Definitely worth it!,"March 5, 2020",Sarah,5.0,0,https://www.amazon.ca/gp/profile/amzn1.account.AHSVU2TFW54Y3KDD5J7J3CN5ZBKA/ref=cm_cr_getr_d_gw_btm?ie=UTF8,2020-10-05 19:22:06.389643,2020-10-05 19:22:06.516523,Carhartt Baby-Girls Acrylic Watch Hat Hat,No,25,B002G9UDYG,AEFDKSTEJA7CBLQUI3DZ5FS47MQQ,B017DZ30GK
102,AHP2IMH5PNOTCU6BC7RRB65GITVA,True,Cute,"My son looks super cute wearing this hat, and it‚Äôs snug enough that it stays on his head.","April 18, 2019",Ashley M.,5.0,0,https://www.amazon.ca/gp/profile/amzn1.account.AHP2IMH5PNOTCU6BC7RRB65GITVA/ref=cm_cr_getr_d_gw_btm?ie=UTF8,2020-10-05 19:22:06.521403,2020-10-05 19:22:06.650235,Carhartt Baby-Girls Acrylic Watch Hat Hat,No,25,B002G9UDYG,AEFDKSTEJA7CBLQUI3DZ5FS47MQQ,B017DZ30GK
103,AHRU4VTKNICB4UHOPADRBMLGEXEA,True,Fits small,"I bought this for my 7 month old and definitely is a baby toque and not a toddler, fits small. Seems to be be quality and soft.","December 10, 2018",Nicole,4.0,0,https://www.amazon.ca/gp/profile/amzn1.account.AHRU4VTKNICB4UHOPADRBMLGEXEA/ref=cm_cr_getr_d_gw_btm?ie=UTF8,2020-10-05 19:22:06.655115,2020-10-05 19:22:06.810341,Carhartt Baby-Girls Acrylic Watch Hat Hat,No,25,B002G9UDYG,AEFDKSTEJA7CBLQUI3DZ5FS47MQQ,B017DZ30GK
104,AFFE6VTPA6SPHYDSPM44J2XEXHMA,True,fits perfectly.,"the quality and style of carhartt without the long peak of extra fabric on top of my head , thanks to the youth size.","October 2, 2020",patrick,5.0,0,https://www.amazon.ca/gp/profile/amzn1.account.AFFE6VTPA6SPHYDSPM44J2XEXHMA/ref=cm_cr_getr_d_gw_btm?ie=UTF8,2020-10-05 19:22:06.815221,2020-10-05 19:22:06.946044,Carhartt Baby-Girls Acrylic Watch Hat Hat,No,25,B002G9UDYG,AEFDKSTEJA7CBLQUI3DZ5FS47MQQ,B017DZ30GK
105,AF2PNB5HEQ3SHTXXPH6VQATDWPSA,True,Pretty colour - it gets a lot of compliments,would fit child or adult! Pretty colour - it gets a lot of compliments!,"March 31, 2018",Jennifer S,5.0,0,https://www.amazon.ca/gp/profile/amzn1.account.AF2PNB5HEQ3SHTXXPH6VQATDWPSA/ref=cm_cr_getr_d_gw_btm?ie=UTF8,2020-10-05 19:22:06.950925,2020-10-05 19:22:07.079756,Carhartt Baby-Girls Acrylic Watch Hat Hat,No,25,B002G9UDYG,AEFDKSTEJA7CBLQUI3DZ5FS47MQQ,B017DZ30GK
106,AGF4NLZVCJXQP5PAGMERHDBTYI3Q,True,Good quality and warm,WoW super quality and warm but it can fit to an adult,"January 27, 2020",Client d'Amazon,5.0,0,https://www.amazon.ca/gp/profile/amzn1.account.AGF4NLZVCJXQP5PAGMERHDBTYI3Q/ref=cm_cr_getr_d_gw_btm?ie=UTF8,2020-10-05 19:22:07.084635,2020-10-05 19:22:07.237868,Carhartt Baby-Girls Acrylic Watch Hat Hat,No,25,B002G9UDYG,AEFDKSTEJA7CBLQUI3DZ5FS47MQQ,B017DZ30GK
107,AGD5TIO2YEQZDNDPU25JV24BSATQ,True,Five Stars,Pink is her colour and she loves it,"March 14, 2018",Amazon Customer,5.0,0,https://www.amazon.ca/gp/profile/amzn1.account.AGD5TIO2YEQZDNDPU25JV24BSATQ/ref=cm_cr_getr_d_gw_btm?ie=UTF8,2020-10-05 19:22:07.243723,2020-10-05 19:22:07.374507,Carhartt Baby-Girls Acrylic Watch Hat Hat,No,25,B002G9UDYG,AEFDKSTEJA7CBLQUI3DZ5FS47MQQ,B017DZ30GK
108,AEL6YJSGBAOQB4CNTAUM3VE3D4WQ,True,Great,Great,"January 20, 2019",Amazon Customer,5.0,0,https://www.amazon.ca/gp/profile/amzn1.account.AEL6YJSGBAOQB4CNTAUM3VE3D4WQ/ref=cm_cr_getr_d_gw_btm?ie=UTF8,2020-10-05 19:22:07.380363,2020-10-05 19:22:07.510170,Carhartt Baby-Girls Acrylic Watch Hat Hat,No,25,B002G9UDYG,AEFDKSTEJA7CBLQUI3DZ5FS47MQQ,B017DZ30GK
109,AFI2ZTALNAMMJY7L2RK3M75V7YUQ,True,Perfect for our Baby,Adorable and cozy. Great quality,"January 19, 2020",KB,5.0,0,https://www.amazon.ca/gp/profile/amzn1.account.AFI2ZTALNAMMJY7L2RK3M75V7YUQ/ref=cm_cr_getr_d_gw_btm?ie=UTF8,2020-10-05 19:22:07.515051,2020-10-05 19:22:07.643967,Carhartt Baby-Girls Acrylic Watch Hat Hat,No,25,B002G9UDYG,AEFDKSTEJA7CBLQUI3DZ5FS47MQQ,B017DZ30GK
110,AE62Q56K3E2J2TLBIG37J3KGVTHQ,True,Super adorable,Perfect for my daughter !!!,"November 16, 2019",Tiffany,5.0,0,https://www.amazon.ca/gp/profile/amzn1.account.AE62Q56K3E2J2TLBIG37J3KGVTHQ/ref=cm_cr_getr_d_gw_btm?ie=UTF8,2020-10-05 19:22:12.758881,2020-10-05 19:22:12.892592,Carhartt Baby-Girls Acrylic Watch Hat Hat,No,25,B002G9UDYG,AEFDKSTEJA7CBLQUI3DZ5FS47MQQ,B017DZ30GK
111,AH6CKLE3QNNTE3MHKACJ6DEGAZAQ,True,Excellent toque,My daughter loves it.,"January 19, 2019",J.,5.0,0,https://www.amazon.ca/gp/profile/amzn1.account.AH6CKLE3QNNTE3MHKACJ6DEGAZAQ/ref=cm_cr_getr_d_gw_btm?ie=UTF8,2020-10-05 19:22:12.897474,2020-10-05 19:22:13.057536,Carhartt Baby-Girls Acrylic Watch Hat Hat,No,25,B002G9UDYG,AEFDKSTEJA7CBLQUI3DZ5FS47MQQ,B017DZ30GK
112,AHCGDUZCHPBCLDPXOMXASZ3NJKLQ,True,"Beautiful, great quality!","This hat is just adorable! Excellent quality, fits great wi last a while. So pretty!","October 25, 2019",Amazon Customer,5.0,0,https://www.amazon.ca/gp/profile/amzn1.account.AHCGDUZCHPBCLDPXOMXASZ3NJKLQ/ref=cm_cr_getr_d_gw_btm?ie=UTF8,2020-10-05 19:22:13.063392,2020-10-05 19:22:13.222481,Carhartt Baby-Girls Acrylic Watch Hat Hat,No,25,B002G9UDYG,AEFDKSTEJA7CBLQUI3DZ5FS47MQQ,B017DZ30GK
113,AEU4E4WB56OSARJIXESSS4MQVBDQ,True,Great quality,Great quality as expected from Carhartt. The twins look adorable in their matching tuques!,"December 4, 2019",Jade,5.0,0,https://www.amazon.ca/gp/profile/amzn1.account.AEU4E4WB56OSARJIXESSS4MQVBDQ/ref=cm_cr_getr_d_gw_btm?ie=UTF8,2020-10-05 19:22:13.227359,2020-10-05 19:22:13.383520,Carhartt Baby-Girls Acrylic Watch Hat Hat,No,25,B002G9UDYG,AEFDKSTEJA7CBLQUI3DZ5FS47MQQ,B017DZ30GK
114,AHFBBQMMHYEFVFJQYDJX73NQUQ4Q,True,Carhartt is the best!,"Great quality, quick shipping.","February 7, 2019",Amazon Customer,5.0,0,https://www.amazon.ca/gp/profile/amzn1.account.AHFBBQMMHYEFVFJQYDJX73NQUQ4Q/ref=cm_cr_getr_d_gw_btm?ie=UTF8,2020-10-05 19:22:13.388398,2020-10-05 19:22:13.522110,Carhartt Baby-Girls Acrylic Watch Hat Hat,No,25,B002G9UDYG,AEFDKSTEJA7CBLQUI3DZ5FS47MQQ,B017DZ30GK
115,AHVVILFHFBMZNITZ7ITVFVF4GWJQ,True,Not the colour shown,Colour not as shown- bought the baby pink but it‚Äôs the same shade as the bubblegum pink one also available,"October 29, 2019",Megan D,1.0,0,https://www.amazon.ca/gp/profile/amzn1.account.AHVVILFHFBMZNITZ7ITVFVF4GWJQ/ref=cm_cr_getr_d_gw_btm?ie=UTF8,2020-10-05 19:22:13.526017,2020-10-05 19:22:13.680222,Carhartt Baby-Girls Acrylic Watch Hat Hat,No,25,B002G9UDYG,AEFDKSTEJA7CBLQUI3DZ5FS47MQQ,B017DZ30GK
116,AGWP4DMYCP3PSCV3AL6D2VCVKM3Q,True,Top quality and fit size,"Perfect fit, good quality and fast shipping","November 21, 2019",Carl Morissette,5.0,0,https://www.amazon.ca/gp/profile/amzn1.account.AGWP4DMYCP3PSCV3AL6D2VCVKM3Q/ref=cm_cr_getr_d_gw_btm?ie=UTF8,2020-10-05 19:22:13.685102,2020-10-05 19:22:13.810029,Carhartt Baby-Girls Acrylic Watch Hat Hat,No,25,B002G9UDYG,AEFDKSTEJA7CBLQUI3DZ5FS47MQQ,B017DZ30GK
117,AFGTKAVNIPMPXTWMQYCLWBTJ2AUA,True,Great deal,As described. Looks great!,"December 5, 2019",Amazon Customer,5.0,0,https://www.amazon.ca/gp/profile/amzn1.account.AFGTKAVNIPMPXTWMQYCLWBTJ2AUA/ref=cm_cr_getr_d_gw_btm?ie=UTF8,2020-10-05 19:22:13.814910,2020-10-05 19:22:13.947646,Carhartt Baby-Girls Acrylic Watch Hat Hat,No,25,B002G9UDYG,AEFDKSTEJA7CBLQUI3DZ5FS47MQQ,B017DZ30GK
118,AHZSEBOCRQK242PEHUMLHBGGXKNQ,True,Great for the cold weather,Great for the cold Canadian weather,"December 13, 2018",Jordan,5.0,0,https://www.amazon.ca/gp/profile/amzn1.account.AHZSEBOCRQK242PEHUMLHBGGXKNQ/ref=cm_cr_getr_d_gw_btm?ie=UTF8,2020-10-05 19:22:13.952525,2020-10-05 19:22:14.112589,Carhartt Baby-Girls Acrylic Watch Hat Hat,No,25,B002G9UDYG,AEFDKSTEJA7CBLQUI3DZ5FS47MQQ,B017DZ30GK
119,AFFDVE5V55GVZCTOSSWOD4Q2DCBA,True,Super cute and warm,My 2 1/2 year old loves this hat. Fits great,"December 29, 2019",Emily W,5.0,0,https://www.amazon.ca/gp/profile/amzn1.account.AFFDVE5V55GVZCTOSSWOD4Q2DCBA/ref=cm_cr_getr_d_gw_btm?ie=UTF8,2020-10-05 19:22:14.117469,2020-10-05 19:22:14.253133,Carhartt Baby-Girls Acrylic Watch Hat Hat,No,25,B002G9UDYG,AEFDKSTEJA7CBLQUI3DZ5FS47MQQ,B017DZ30GK
120,AEFDKSTEJA7CBLQUI3DZ5FS47MQQ,True,Great quality for the a great price,Love this hat. Won‚Äôt fit my 4-year old for long though.,"December 28, 2018",Amazon Customer,5.0,0,https://www.amazon.ca/gp/profile/amzn1.account.AEFDKSTEJA7CBLQUI3DZ5FS47MQQ/ref=cm_cr_getr_d_gw_btm?ie=UTF8,2020-10-05 19:22:20.394991,2020-10-05 19:22:20.535611,Carhartt Baby-Girls Acrylic Watch Hat Hat,No,25,B002G9UDYG,AEFDKSTEJA7CBLQUI3DZ5FS47MQQ,B017DZ30GK
121,AFZRDUJDCKM2M6NPI5IS63HURE3A,True,Great beanie for kids,We love this beanie for our daughter! It‚Äôs soft and fits her perfectly and it‚Äôs so adorable !,"December 1, 2019",Amazon Customer,5.0,0,https://www.amazon.ca/gp/profile/amzn1.account.AFZRDUJDCKM2M6NPI5IS63HURE3A/ref=cm_cr_getr_d_gw_btm?ie=UTF8,2020-10-05 19:22:20.540492,2020-10-05 19:22:20.670299,Carhartt Baby-Girls Acrylic Watch Hat Hat,No,25,B002G9UDYG,AEFDKSTEJA7CBLQUI3DZ5FS47MQQ,B017DZ30GK
122,AGXTGSLOOTVASKOT57VUGIU2M5XA,True,Nice quality.,Great quality fits great. Nice and warm.,"December 20, 2018",David,5.0,0,https://www.amazon.ca/gp/profile/amzn1.account.AGXTGSLOOTVASKOT57VUGIU2M5XA/ref=cm_cr_getr_d_gw_btm?ie=UTF8,2020-10-05 19:22:20.675180,2020-10-05 19:22:20.803036,Carhartt Baby-Girls Acrylic Watch Hat Hat,No,25,B002G9UDYG,AEFDKSTEJA7CBLQUI3DZ5FS47MQQ,B017DZ30GK
123,AEZLMVWHBAPLXSUEIBL3TJ7U54RA,True,Love it!,This hat is sooo cute. I love it for my baby!,"May 25, 2019",Amazon Customer,5.0,0,https://www.amazon.ca/gp/profile/amzn1.account.AEZLMVWHBAPLXSUEIBL3TJ7U54RA/ref=cm_cr_getr_d_gw_btm?ie=UTF8,2020-10-05 19:22:20.807915,2020-10-05 19:22:20.967979,Carhartt Baby-Girls Acrylic Watch Hat Hat,No,25,B002G9UDYG,AEFDKSTEJA7CBLQUI3DZ5FS47MQQ,B017DZ30GK
124,AEVDBW7XU6VFALK7AS2CETG74OAA,True,As expected,As expexted fit my big 18months old !,"November 22, 2019",MC P,5.0,0,https://www.amazon.ca/gp/profile/amzn1.account.AEVDBW7XU6VFALK7AS2CETG74OAA/ref=cm_cr_getr_d_gw_btm?ie=UTF8,2020-10-05 19:22:20.973835,2020-10-05 19:22:21.104620,Carhartt Baby-Girls Acrylic Watch Hat Hat,No,25,B002G9UDYG,AEFDKSTEJA7CBLQUI3DZ5FS47MQQ,B017DZ30GK
125,AHKC3S367RCUMWLOTO6BRLJIK4WQ,True,sizings small,super nice but small! baught for our toddler & instead our 4 month old is wearing it ! st,"January 19, 2019",dan w,4.0,0,https://www.amazon.ca/gp/profile/amzn1.account.AHKC3S367RCUMWLOTO6BRLJIK4WQ/ref=cm_cr_getr_d_gw_btm?ie=UTF8,2020-10-05 19:22:21.110474,2020-10-05 19:22:21.245162,Carhartt Baby-Girls Acrylic Watch Hat Hat,No,25,B002G9UDYG,AEFDKSTEJA7CBLQUI3DZ5FS47MQQ,B017DZ30GK
126,AHBUV4MNQNNFNOZS4OMLAUMSLAQQ,True,Alright,"Good quality, but narrow. Keeps falling off","January 9, 2020",Amazon Customer,3.0,0,https://www.amazon.ca/gp/profile/amzn1.account.AHBUV4MNQNNFNOZS4OMLAUMSLAQQ/ref=cm_cr_getr_d_gw_btm?ie=UTF8,2020-10-05 19:22:21.250042,2020-10-05 19:22:21.415962,Carhartt Baby-Girls Acrylic Watch Hat Hat,No,25,B002G9UDYG,AEFDKSTEJA7CBLQUI3DZ5FS47MQQ,B017DZ30GK
127,AEZS5SUSAK7UMSAFI5C6Q4IKLT2A,True,Exactly as described,True to size and washes up well!,"November 19, 2018",Chelsea Dore,5.0,0,https://www.amazon.ca/gp/profile/amzn1.account.AEZS5SUSAK7UMSAFI5C6Q4IKLT2A/ref=cm_cr_getr_d_gw_btm?ie=UTF8,2020-10-05 19:22:21.421827,2020-10-05 19:22:21.553577,Carhartt Baby-Girls Acrylic Watch Hat Hat,No,25,B002G9UDYG,AEFDKSTEJA7CBLQUI3DZ5FS47MQQ,B017DZ30GK
128,AFMEHXX5ARHO6C3T5ULM676O3WUQ,True,"Good, quality toque.",Fit well.,"April 4, 2019",Gary j. Morin,4.0,0,https://www.amazon.ca/gp/profile/amzn1.account.AFMEHXX5ARHO6C3T5ULM676O3WUQ/ref=cm_cr_getr_d_gw_btm?ie=UTF8,2020-10-05 19:22:21.558458,2020-10-05 19:22:21.692169,Carhartt Baby-Girls Acrylic Watch Hat Hat,No,25,B002G9UDYG,AEFDKSTEJA7CBLQUI3DZ5FS47MQQ,B017DZ30GK
129,AEAG2TQNMMFKCCMJPISBR76OQKQA,True,Love this little hat!,Looks so cute on my 10 month old and I‚Äôm sure she‚Äôll be able to use it for a few years.,"November 12, 2019",LO13,5.0,0,https://www.amazon.ca/gp/profile/amzn1.account.AEAG2TQNMMFKCCMJPISBR76OQKQA/ref=cm_cr_getr_d_gw_btm?ie=UTF8,2020-10-05 19:22:21.697050,2020-10-05 19:22:21.851257,Carhartt Baby-Girls Acrylic Watch Hat Hat,No,25,B002G9UDYG,AEFDKSTEJA7CBLQUI3DZ5FS47MQQ,B017DZ30GK
130,AFQFIAZXTXIZBKNJVKSFZLMLJYNQ,True,Great,Perfect price for an actual carharrt hat and shipping was super fast,"September 24, 2019",Courtney McNeil,5.0,0,https://www.amazon.ca/gp/profile/amzn1.account.AFQFIAZXTXIZBKNJVKSFZLMLJYNQ/ref=cm_cr_getr_d_gw_btm?ie=UTF8,2020-10-05 19:22:25.003095,2020-10-05 19:22:25.134855,Carhartt Baby-Girls Acrylic Watch Hat Hat,No,25,B002G9UDYG,AEFDKSTEJA7CBLQUI3DZ5FS47MQQ,B017DZ30GK
131,AGPVZGKHWIOLMLJU7Q7VROC2A4MA,True,Comfy and Warm,Got some for the entire family. All fit as expected.,"January 17, 2019",Amazon Customer,5.0,0,https://www.amazon.ca/gp/profile/amzn1.account.AGPVZGKHWIOLMLJU7Q7VROC2A4MA/ref=cm_cr_getr_d_gw_btm?ie=UTF8,2020-10-05 19:22:25.139735,2020-10-05 19:22:25.267646,Carhartt Baby-Girls Acrylic Watch Hat Hat,No,25,B002G9UDYG,AEFDKSTEJA7CBLQUI3DZ5FS47MQQ,B017DZ30GK
132,AFZD4G7TEF5M6CDWEGP2BLSDVGAA,True,Siza,Seemed to be made small,"November 18, 2019",Tara smith,3.0,0,https://www.amazon.ca/gp/profile/amzn1.account.AFZD4G7TEF5M6CDWEGP2BLSDVGAA/ref=cm_cr_getr_d_gw_btm?ie=UTF8,2020-10-05 19:22:25.272529,2020-10-05 19:22:25.426734,Carhartt Baby-Girls Acrylic Watch Hat Hat,No,25,B002G9UDYG,AEFDKSTEJA7CBLQUI3DZ5FS47MQQ,B017DZ30GK
133,AG76VVMX2KPQ5NDQWHPSW3ZQAQXQ,True,Cute,"Very cute, fits my 4month old but a little big.. will be perfect for next winter","December 7, 2019",Amazon Customer,5.0,0,https://www.amazon.ca/gp/profile/amzn1.account.AG76VVMX2KPQ5NDQWHPSW3ZQAQXQ/ref=cm_cr_getr_d_gw_btm?ie=UTF8,2020-10-05 19:22:25.431613,2020-10-05 19:22:25.561422,Carhartt Baby-Girls Acrylic Watch Hat Hat,No,25,B002G9UDYG,AEFDKSTEJA7CBLQUI3DZ5FS47MQQ,B017DZ30GK
134,AHVYAVLTBMLZ2GHJV2BQAADWPUIA,True,Just right,Daughter loves it,"July 17, 2019",Amber ,5.0,0,https://www.amazon.ca/gp/profile/amzn1.account.AHVYAVLTBMLZ2GHJV2BQAADWPUIA/ref=cm_cr_getr_d_gw_btm?ie=UTF8,2020-10-05 19:22:25.566302,2020-10-05 19:22:25.695174,Carhartt Baby-Girls Acrylic Watch Hat Hat,No,25,B002G9UDYG,AEFDKSTEJA7CBLQUI3DZ5FS47MQQ,B017DZ30GK
135,AGDZVJJRHWKYFHEOQ5N5ZWOB4WZQ,True,Fits my 7 month old great!,Fits my 7 month old daughter great. Better in person that it appears in the photo!,"December 12, 2018",‚úå,5.0,0,https://www.amazon.ca/gp/profile/amzn1.account.AGDZVJJRHWKYFHEOQ5N5ZWOB4WZQ/ref=cm_cr_getr_d_gw_btm?ie=UTF8,2020-10-05 19:22:25.701030,2020-10-05 19:22:25.857190,Carhartt Baby-Girls Acrylic Watch Hat Hat,No,25,B002G9UDYG,AEFDKSTEJA7CBLQUI3DZ5FS47MQQ,B017DZ30GK
136,AE6KCGJOKNQOQNJZ7THR4EQOO3QQ,True,Pink,"Fits perfect on my 4 month old , stretchable And extra room to grow with the baby","November 10, 2019",Taryn,5.0,0,https://www.amazon.ca/gp/profile/amzn1.account.AE6KCGJOKNQOQNJZ7THR4EQOO3QQ/ref=cm_cr_getr_d_gw_btm?ie=UTF8,2020-10-05 19:22:25.862070,2020-10-05 19:22:25.989925,Carhartt Baby-Girls Acrylic Watch Hat Hat,No,25,B002G9UDYG,AEFDKSTEJA7CBLQUI3DZ5FS47MQQ,B017DZ30GK
137,AHJHHHNMHQVTSVZEDXFEZBX26BEA,True,"Super cute, warm hat.",Actually what was pictured.,"November 20, 2019",Erin,5.0,0,https://www.amazon.ca/gp/profile/amzn1.account.AHJHHHNMHQVTSVZEDXFEZBX26BEA/ref=cm_cr_getr_d_gw_btm?ie=UTF8,2020-10-05 19:22:25.994806,2020-10-05 19:22:26.123667,Carhartt Baby-Girls Acrylic Watch Hat Hat,No,25,B002G9UDYG,AEFDKSTEJA7CBLQUI3DZ5FS47MQQ,B017DZ30GK
138,AEY5FK6BXTY5OVAI3BT67SPWKAWA,True,Cute hats,Fits big but worth the purchase.,"January 8, 2019",Falynn ,5.0,0,https://www.amazon.ca/gp/profile/amzn1.account.AEY5FK6BXTY5OVAI3BT67SPWKAWA/ref=cm_cr_getr_d_gw_btm?ie=UTF8,2020-10-05 19:22:26.128547,2020-10-05 19:22:26.283732,Carhartt Baby-Girls Acrylic Watch Hat Hat,No,25,B002G9UDYG,AEFDKSTEJA7CBLQUI3DZ5FS47MQQ,B017DZ30GK
139,AEZBOP6GWLRQDWVDICD5HKAI5SKQ,True,Great Quality,Fit my daughter great! Great quality and can‚Äôt beat the price for the quality.,"January 2, 2019",Alana,5.0,0,https://www.amazon.ca/gp/profile/amzn1.account.AEZBOP6GWLRQDWVDICD5HKAI5SKQ/ref=cm_cr_getr_d_gw_btm?ie=UTF8,2020-10-05 19:22:26.291573,2020-10-05 19:22:26.424274,Carhartt Baby-Girls Acrylic Watch Hat Hat,No,25,B002G9UDYG,AEFDKSTEJA7CBLQUI3DZ5FS47MQQ,B017DZ30GK
140,AGU66WEQKUU2LHUBGVY5FO6Y3UDA,True,So cute,Nice fit.,"January 18, 2019",Amazon Customer,5.0,0,https://www.amazon.ca/gp/profile/amzn1.account.AGU66WEQKUU2LHUBGVY5FO6Y3UDA/ref=cm_cr_getr_d_gw_btm?ie=UTF8,2020-10-05 19:22:29.577838,2020-10-05 19:22:29.727209,Carhartt Baby-Girls Acrylic Watch Hat Hat,No,25,B002G9UDYG,AEFDKSTEJA7CBLQUI3DZ5FS47MQQ,B017DZ30GK
141,AG45VCYHLC2FKVZCF7IRMKUOOTHQ,True,Fits small.,Love this! Fits small though.. the ‚ÄòBig Boy‚Äô size fits my 2 year old perfectly.,"May 1, 2018",Riley,5.0,0,https://www.amazon.ca/gp/profile/amzn1.account.AG45VCYHLC2FKVZCF7IRMKUOOTHQ/ref=cm_cr_getr_d_gw_btm?ie=UTF8,2020-10-05 19:22:29.732088,2020-10-05 19:22:29.864824,Carhartt Baby-Girls Acrylic Watch Hat Hat,No,25,B002G9UDYG,AEFDKSTEJA7CBLQUI3DZ5FS47MQQ,B017DZ30GK
142,AEVLVKNHJXQIVOQNXRDRRHODO7ZQ,True,Warm and Super Cute,Perfect for my little one,"October 18, 2019",Jessica Seaton,5.0,0,https://www.amazon.ca/gp/profile/amzn1.account.AEVLVKNHJXQIVOQNXRDRRHODO7ZQ/ref=cm_cr_getr_d_gw_btm?ie=UTF8,2020-10-05 19:22:29.869729,2020-10-05 19:22:30.003452,Carhartt Baby-Girls Acrylic Watch Hat Hat,No,25,B002G9UDYG,AEFDKSTEJA7CBLQUI3DZ5FS47MQQ,B017DZ30GK
143,AG2JIEOTZRNKVFJXEX6DIKK6PJFQ,True,Super cute!,Super cute toque. Stays on her head well. Fits my 17 month old.,"January 5, 2020",Joni Wiebe Macnab,5.0,0,https://www.amazon.ca/gp/profile/amzn1.account.AG2JIEOTZRNKVFJXEX6DIKK6PJFQ/ref=cm_cr_getr_d_gw_btm?ie=UTF8,2020-10-05 19:22:30.008332,2020-10-05 19:22:30.143019,Carhartt Baby-Girls Acrylic Watch Hat Hat,No,25,B002G9UDYG,AEFDKSTEJA7CBLQUI3DZ5FS47MQQ,B017DZ30GK
144,AH4XNAVVSAIXNMOBMJVLYS62S32Q,True,perfect!!,love it,"December 16, 2018",Amazon Customer,5.0,0,https://www.amazon.ca/gp/profile/amzn1.account.AH4XNAVVSAIXNMOBMJVLYS62S32Q/ref=cm_cr_getr_d_gw_btm?ie=UTF8,2020-10-05 19:22:30.147899,2020-10-05 19:22:30.313819,Carhartt Baby-Girls Acrylic Watch Hat Hat,No,25,B002G9UDYG,AEFDKSTEJA7CBLQUI3DZ5FS47MQQ,B017DZ30GK
145,AGPLL37ZGJKN62NTSMJLYQM4AMPA,True,ok,Shrinks quite a bit after wash,"September 30, 2020",Rechae,5.0,0,https://www.amazon.ca/gp/profile/amzn1.account.AGPLL37ZGJKN62NTSMJLYQM4AMPA/ref=cm_cr_getr_d_gw_btm?ie=UTF8,2020-10-05 19:22:30.318699,2020-10-05 19:22:30.449483,Carhartt Baby-Girls Acrylic Watch Hat Hat,No,25,B002G9UDYG,AEFDKSTEJA7CBLQUI3DZ5FS47MQQ,B017DZ30GK
146,AEM32KK7224TJXYG5JWHIAJ22RCA,True,Very. Warm. &. Lite,Very warm,"December 29, 2019",Satpal,5.0,0,https://www.amazon.ca/gp/profile/amzn1.account.AEM32KK7224TJXYG5JWHIAJ22RCA/ref=cm_cr_getr_d_gw_btm?ie=UTF8,2020-10-05 19:22:30.454363,2020-10-05 19:22:30.587098,Carhartt Baby-Girls Acrylic Watch Hat Hat,No,25,B002G9UDYG,AEFDKSTEJA7CBLQUI3DZ5FS47MQQ,B017DZ30GK
147,AH3OS5ZBS2CKTS5PQLKDM7MRVIYA,True,Love!!!,Bought these toques for my sons. They love them. Great quality!,"November 17, 2018",Alla80,5.0,0,https://www.amazon.ca/gp/profile/amzn1.account.AH3OS5ZBS2CKTS5PQLKDM7MRVIYA/ref=cm_cr_getr_d_gw_btm?ie=UTF8,2020-10-05 19:22:30.592010,2020-10-05 19:22:30.723737,Carhartt Baby-Girls Acrylic Watch Hat Hat,No,25,B002G9UDYG,AEFDKSTEJA7CBLQUI3DZ5FS47MQQ,B017DZ30GK
148,AFUFAVKWJ3Z4XEDK4LOSCZZJJWBQ,True,Great fit,Love it,"December 11, 2019",Amazon Customer,5.0,0,https://www.amazon.ca/gp/profile/amzn1.account.AFUFAVKWJ3Z4XEDK4LOSCZZJJWBQ/ref=cm_cr_getr_d_gw_btm?ie=UTF8,2020-10-05 19:22:30.728650,2020-10-05 19:22:30.860377,Carhartt Baby-Girls Acrylic Watch Hat Hat,No,25,B002G9UDYG,AEFDKSTEJA7CBLQUI3DZ5FS47MQQ,B017DZ30GK
149,AE3HMVTBGV42FWMYZS2OHY24A2WQ,True,Great,Fast delivery. Great price.,"December 25, 2018",trudeau,5.0,0,https://www.amazon.ca/gp/profile/amzn1.account.AE3HMVTBGV42FWMYZS2OHY24A2WQ/ref=cm_cr_getr_d_gw_btm?ie=UTF8,2020-10-05 19:22:30.865258,2020-10-05 19:22:30.998969,Carhartt Baby-Girls Acrylic Watch Hat Hat,No,25,B002G9UDYG,AEFDKSTEJA7CBLQUI3DZ5FS47MQQ,B017DZ30GK
150,AHHGAJVV6IOEI7B5IWFCTKPGAP4Q,True,Would buy again and recommend.,Perfect for a 2 year old. Great buy.,"December 1, 2018", Steph ,5.0,0,https://www.amazon.ca/gp/profile/amzn1.account.AHHGAJVV6IOEI7B5IWFCTKPGAP4Q/ref=cm_cr_getr_d_gw_btm?ie=UTF8,2020-10-05 19:22:37.113820,2020-10-05 19:22:37.246556,Carhartt Baby-Girls Acrylic Watch Hat Hat,No,25,B002G9UDYG,AEFDKSTEJA7CBLQUI3DZ5FS47MQQ,B017DZ30GK
151,AHGVTZBZLTQSTOB73F2ILL5QPEKQ,True,Slightly smaller then expected,Slightly small for my two year olds head,"November 1, 2018",Emilee,3.0,0,https://www.amazon.ca/gp/profile/amzn1.account.AHGVTZBZLTQSTOB73F2ILL5QPEKQ/ref=cm_cr_getr_d_gw_btm?ie=UTF8,2020-10-05 19:22:37.251436,2020-10-05 19:22:37.419309,Carhartt Baby-Girls Acrylic Watch Hat Hat,No,25,B002G9UDYG,AEFDKSTEJA7CBLQUI3DZ5FS47MQQ,B017DZ30GK
152,AH7W3E33K6UGXSWT4XOXMNZZR3SA,True,Five Stars,"Love everything Carhartt, great quality.
Hat fit perfect and is nice and warm.","January 11, 2018",sandy,5.0,0,https://www.amazon.ca/gp/profile/amzn1.account.AH7W3E33K6UGXSWT4XOXMNZZR3SA/ref=cm_cr_getr_d_gw_btm?ie=UTF8,2020-10-05 19:22:37.424189,2020-10-05 19:22:37.553086,Carhartt Baby-Girls Acrylic Watch Hat Hat,No,25,B002G9UDYG,AEFDKSTEJA7CBLQUI3DZ5FS47MQQ,B017DZ30GK
153,AGW4NZ2HDF7YRMRCW53E5JQ3J73Q,True,Great purchase,So cute on my 5 year old. Amazing price and really good quality,"November 17, 2018",Morganne,5.0,0,https://www.amazon.ca/gp/profile/amzn1.account.AGW4NZ2HDF7YRMRCW53E5JQ3J73Q/ref=cm_cr_getr_d_gw_btm?ie=UTF8,2020-10-05 19:22:37.557963,2020-10-05 19:22:37.695604,Carhartt Baby-Girls Acrylic Watch Hat Hat,No,25,B002G9UDYG,AEFDKSTEJA7CBLQUI3DZ5FS47MQQ,B017DZ30GK
154,AHCLZ5A36NG7IR6ZGCZ6SXSNAJMA,True,Great price!,Great product!,"June 12, 2019",Cindy Ingram,5.0,0,https://www.amazon.ca/gp/profile/amzn1.account.AHCLZ5A36NG7IR6ZGCZ6SXSNAJMA/ref=cm_cr_getr_d_gw_btm?ie=UTF8,2020-10-05 19:22:37.699507,2020-10-05 19:22:37.882018,Carhartt Baby-Girls Acrylic Watch Hat Hat,No,25,B002G9UDYG,AEFDKSTEJA7CBLQUI3DZ5FS47MQQ,B017DZ30GK
155,AFIN6SZH3OS5RBFGQSUT7LOFDRJA,True,Perfect,Awesome,"December 18, 2019",Rob,5.0,0,https://www.amazon.ca/gp/profile/amzn1.account.AFIN6SZH3OS5RBFGQSUT7LOFDRJA/ref=cm_cr_getr_d_gw_btm?ie=UTF8,2020-10-05 19:22:37.885927,2020-10-05 19:22:38.047938,Carhartt Baby-Girls Acrylic Watch Hat Hat,No,25,B002G9UDYG,AEFDKSTEJA7CBLQUI3DZ5FS47MQQ,B017DZ30GK
156,AGRCQSLQQTS7BGVGF73GZDXHWXPA,True,"Cute, good fit",Fit our 7 month old daughter well with room to grow!,"January 6, 2019",Domenico,5.0,0,https://www.amazon.ca/gp/profile/amzn1.account.AGRCQSLQQTS7BGVGF73GZDXHWXPA/ref=cm_cr_getr_d_gw_btm?ie=UTF8,2020-10-05 19:22:38.053794,2020-10-05 19:22:38.231425,Carhartt Baby-Girls Acrylic Watch Hat Hat,No,25,B002G9UDYG,AEFDKSTEJA7CBLQUI3DZ5FS47MQQ,B017DZ30GK
157,AF5WLS3SF3UZM53UBBOE577FIW6A,True,Best Buy ever!,This hat is ADORABLE! It fits my daughter perfectly!,"April 4, 2019",Steph,5.0,0,https://www.amazon.ca/gp/profile/amzn1.account.AF5WLS3SF3UZM53UBBOE577FIW6A/ref=cm_cr_getr_d_gw_btm?ie=UTF8,2020-10-05 19:22:38.236305,2020-10-05 19:22:38.381728,Carhartt Baby-Girls Acrylic Watch Hat Hat,No,25,B002G9UDYG,AEFDKSTEJA7CBLQUI3DZ5FS47MQQ,B017DZ30GK
158,AH7O6MRUOLTSBVFHRTAPLDAOKO6Q,True,Fits great !,Love it ! My little girl wears this almost every day !!,"November 10, 2018",Mommy of 3 girls,5.0,0,https://www.amazon.ca/gp/profile/amzn1.account.AH7O6MRUOLTSBVFHRTAPLDAOKO6Q/ref=cm_cr_getr_d_gw_btm?ie=UTF8,2020-10-05 19:22:38.386610,2020-10-05 19:22:38.531057,Carhartt Baby-Girls Acrylic Watch Hat Hat,No,25,B002G9UDYG,AEFDKSTEJA7CBLQUI3DZ5FS47MQQ,B017DZ30GK
159,AF6EG3JVHWTAIXW2PENEKAQY5QNA,True,Loved it,"This was perfect for my babes, little big but he will grow.","December 11, 2019",Makayla,5.0,0,https://www.amazon.ca/gp/profile/amzn1.account.AF6EG3JVHWTAIXW2PENEKAQY5QNA/ref=cm_cr_getr_d_gw_btm?ie=UTF8,2020-10-05 19:22:38.534961,2020-10-05 19:22:38.717472,Carhartt Baby-Girls Acrylic Watch Hat Hat,No,25,B002G9UDYG,AEFDKSTEJA7CBLQUI3DZ5FS47MQQ,B017DZ30GK
160,AF4GYNXLOLCRCYLPJYPUCI5RQT6A,True,Loved it.,Super cute and and warm,"October 22, 2018",Robyn,5.0,0,https://www.amazon.ca/gp/profile/amzn1.account.AF4GYNXLOLCRCYLPJYPUCI5RQT6A/ref=cm_cr_getr_d_gw_btm?ie=UTF8,2020-10-05 19:22:42.862769,2020-10-05 19:22:42.995580,Carhartt Baby-Girls Acrylic Watch Hat Hat,No,25,B002G9UDYG,AEFDKSTEJA7CBLQUI3DZ5FS47MQQ,B017DZ30GK
161,AEFRR4PCPFPKVULQMT4BIIZ6G3LQ,True,Four Stars,"Super cute, was hoping it would fit my baby but much to tall","March 30, 2018",Haley-Rae,4.0,0,https://www.amazon.ca/gp/profile/amzn1.account.AEFRR4PCPFPKVULQMT4BIIZ6G3LQ/ref=cm_cr_getr_d_gw_btm?ie=UTF8,2020-10-05 19:22:43.000426,2020-10-05 19:22:43.166345,Carhartt Baby-Girls Acrylic Watch Hat Hat,No,25,B002G9UDYG,AEFDKSTEJA7CBLQUI3DZ5FS47MQQ,B017DZ30GK
162,AFXP44SKILIRQZACCKJFQRRS7GRA,True,Cute,Perfect fit,"September 24, 2019",Daniel Dowling,5.0,0,https://www.amazon.ca/gp/profile/amzn1.account.AFXP44SKILIRQZACCKJFQRRS7GRA/ref=cm_cr_getr_d_gw_btm?ie=UTF8,2020-10-05 19:22:43.171226,2020-10-05 19:22:43.301067,Carhartt Baby-Girls Acrylic Watch Hat Hat,No,25,B002G9UDYG,AEFDKSTEJA7CBLQUI3DZ5FS47MQQ,B017DZ30GK
163,AEJDJLCVBKFUFKI3SV3HAL7IEMIA,True,So cute,Love this toque. So cute,"October 24, 2019",Robyn,5.0,0,https://www.amazon.ca/gp/profile/amzn1.account.AEJDJLCVBKFUFKI3SV3HAL7IEMIA/ref=cm_cr_getr_d_gw_btm?ie=UTF8,2020-10-05 19:22:43.305913,2020-10-05 19:22:43.433819,Carhartt Baby-Girls Acrylic Watch Hat Hat,No,25,B002G9UDYG,AEFDKSTEJA7CBLQUI3DZ5FS47MQQ,B017DZ30GK
164,AEBDNGN7GVJWR65NUXUTEWB7UO7Q,True,Good quality,Fits my 2 1/2 year old perfect,"June 23, 2019",Amazon Customer,5.0,0,https://www.amazon.ca/gp/profile/amzn1.account.AEBDNGN7GVJWR65NUXUTEWB7UO7Q/ref=cm_cr_getr_d_gw_btm?ie=UTF8,2020-10-05 19:22:43.438698,2020-10-05 19:22:43.566597,Carhartt Baby-Girls Acrylic Watch Hat Hat,No,25,B002G9UDYG,AEFDKSTEJA7CBLQUI3DZ5FS47MQQ,B017DZ30GK
165,AEODCIQUYDBXD4CK6H3NQN4HT5JQ,True,Great seller,Awesome product,"October 13, 2019",Asad Saeed,5.0,0,https://www.amazon.ca/gp/profile/amzn1.account.AEODCIQUYDBXD4CK6H3NQN4HT5JQ/ref=cm_cr_getr_d_gw_btm?ie=UTF8,2020-10-05 19:22:43.572454,2020-10-05 19:22:43.735446,Carhartt Baby-Girls Acrylic Watch Hat Hat,No,25,B002G9UDYG,AEFDKSTEJA7CBLQUI3DZ5FS47MQQ,B017DZ30GK
166,AHVIYBVJW6DAHYIPPVNIEXWCGL2A,True,Perfect,Fit perfectly,"February 5, 2019",Roxanne Dubois Belanger,5.0,0,https://www.amazon.ca/gp/profile/amzn1.account.AHVIYBVJW6DAHYIPPVNIEXWCGL2A/ref=cm_cr_getr_d_gw_btm?ie=UTF8,2020-10-05 19:22:43.741301,2020-10-05 19:22:43.874037,Carhartt Baby-Girls Acrylic Watch Hat Hat,No,25,B002G9UDYG,AEFDKSTEJA7CBLQUI3DZ5FS47MQQ,B017DZ30GK
167,AHL3U45FFAO7H3YPPRO4KWCE7EGA,True,Warm and practical,"Great little hat, nice colour and fits well","November 3, 2019",Lizbeth McPhedran,5.0,0,https://www.amazon.ca/gp/profile/amzn1.account.AHL3U45FFAO7H3YPPRO4KWCE7EGA/ref=cm_cr_getr_d_gw_btm?ie=UTF8,2020-10-05 19:22:43.878953,2020-10-05 19:22:44.009700,Carhartt Baby-Girls Acrylic Watch Hat Hat,No,25,B002G9UDYG,AEFDKSTEJA7CBLQUI3DZ5FS47MQQ,B017DZ30GK
168,AFSRDWYQ27LLKNUS5QVBALT2ZQEQ,True,!!,Perfect!! will be ordering more :),"December 9, 2019",Ker,5.0,0,https://www.amazon.ca/gp/profile/amzn1.account.AFSRDWYQ27LLKNUS5QVBALT2ZQEQ/ref=cm_cr_getr_d_gw_btm?ie=UTF8,2020-10-05 19:22:44.014582,2020-10-05 19:22:44.153175,Carhartt Baby-Girls Acrylic Watch Hat Hat,No,25,B002G9UDYG,AEFDKSTEJA7CBLQUI3DZ5FS47MQQ,B017DZ30GK
169,AFX6D3N4PXZE2VA7RYZJXNBPYPJQ,True,Yes!,Love it!,"October 30, 2018",First time mama,5.0,0,https://www.amazon.ca/gp/profile/amzn1.account.AFX6D3N4PXZE2VA7RYZJXNBPYPJQ/ref=cm_cr_getr_d_gw_btm?ie=UTF8,2020-10-05 19:22:44.158053,2020-10-05 19:22:44.288836,Carhartt Baby-Girls Acrylic Watch Hat Hat,No,25,B002G9UDYG,AEFDKSTEJA7CBLQUI3DZ5FS47MQQ,B017DZ30GK
170,AGSN3PE4IY6RREVJZR3LI5NMSEZQ,True,Order size up,Fits very small,"January 5, 2020",Erin,3.0,0,https://www.amazon.ca/gp/profile/amzn1.account.AGSN3PE4IY6RREVJZR3LI5NMSEZQ/ref=cm_cr_getr_d_gw_btm?ie=UTF8,2020-10-05 19:22:50.406355,2020-10-05 19:22:50.538150,Carhartt Baby-Girls Acrylic Watch Hat Hat,No,25,B002G9UDYG,AEFDKSTEJA7CBLQUI3DZ5FS47MQQ,B017DZ30GK
171,AFXYHGABG66YN7DGXHCYHK7725VQ,True,Great!,Daughter loves it!,"November 6, 2019",Kady,5.0,0,https://www.amazon.ca/gp/profile/amzn1.account.AFXYHGABG66YN7DGXHCYHK7725VQ/ref=cm_cr_getr_d_gw_btm?ie=UTF8,2020-10-05 19:22:50.543029,2020-10-05 19:22:50.671862,Carhartt Baby-Girls Acrylic Watch Hat Hat,No,25,B002G9UDYG,AEFDKSTEJA7CBLQUI3DZ5FS47MQQ,B017DZ30GK
172,AGIW6F54J65KIIANX3X6DHT5YWVA,True,Bien,Tr√®s belle tuque,"February 14, 2020",Louis-philippe,5.0,0,https://www.amazon.ca/gp/profile/amzn1.account.AGIW6F54J65KIIANX3X6DHT5YWVA/ref=cm_cr_getr_d_gw_btm?ie=UTF8,2020-10-05 19:22:50.676741,2020-10-05 19:22:50.804598,Carhartt Baby-Girls Acrylic Watch Hat Hat,No,25,B002G9UDYG,AEFDKSTEJA7CBLQUI3DZ5FS47MQQ,B017DZ30GK
173,AHKTWEFHO5TI4UNPIKWTPMV6F6PA,True,Perfect,Perfect,"January 6, 2020",Mimi,5.0,0,https://www.amazon.ca/gp/profile/amzn1.account.AHKTWEFHO5TI4UNPIKWTPMV6F6PA/ref=cm_cr_getr_d_gw_btm?ie=UTF8,2020-10-05 19:22:50.809477,2020-10-05 19:22:50.938308,Carhartt Baby-Girls Acrylic Watch Hat Hat,No,25,B002G9UDYG,AEFDKSTEJA7CBLQUI3DZ5FS47MQQ,B017DZ30GK
174,AHOIKU7MMRPYC26ELCLBCHJ6IYGA,True,Great fit,Hat fits and came as promised. Fits my 3 year old perfectly and very warm.,"November 14, 2018",ashleycunningham,5.0,0,https://www.amazon.ca/gp/profile/amzn1.account.AHOIKU7MMRPYC26ELCLBCHJ6IYGA/ref=cm_cr_getr_d_gw_btm?ie=UTF8,2020-10-05 19:22:50.943189,2020-10-05 19:22:51.112036,Carhartt Baby-Girls Acrylic Watch Hat Hat,No,25,B002G9UDYG,AEFDKSTEJA7CBLQUI3DZ5FS47MQQ,B017DZ30GK
175,AFCFKG7Z2ZIXTW3TW4VRDKZ2XJDQ,True,Great purchase,Warm and adorable!,"November 2, 2019",Amazon Customer,5.0,0,https://www.amazon.ca/gp/profile/amzn1.account.AFCFKG7Z2ZIXTW3TW4VRDKZ2XJDQ/ref=cm_cr_getr_d_gw_btm?ie=UTF8,2020-10-05 19:22:51.116916,2020-10-05 19:22:51.246771,Carhartt Baby-Girls Acrylic Watch Hat Hat,No,25,B002G9UDYG,AEFDKSTEJA7CBLQUI3DZ5FS47MQQ,B017DZ30GK
176,AHJTJT5LMVVGYNCCBC4FFVA7V4OQ,True,Cute kids size hat to match ours,Cute hat fits 7 month old,"January 21, 2019",kody phillips,5.0,0,https://www.amazon.ca/gp/profile/amzn1.account.AHJTJT5LMVVGYNCCBC4FFVA7V4OQ/ref=cm_cr_getr_d_gw_btm?ie=UTF8,2020-10-05 19:22:51.251652,2020-10-05 19:22:51.382435,Carhartt Baby-Girls Acrylic Watch Hat Hat,No,25,B002G9UDYG,AEFDKSTEJA7CBLQUI3DZ5FS47MQQ,B017DZ30GK
177,AF6SKC37Q4C36YRJ2MJCW3SZP5PA,True,Fits great,Fits great,"September 24, 2020",L,5.0,0,https://www.amazon.ca/gp/profile/amzn1.account.AF6SKC37Q4C36YRJ2MJCW3SZP5PA/ref=cm_cr_getr_d_gw_btm?ie=UTF8,2020-10-05 19:22:51.387317,2020-10-05 19:22:51.549330,Carhartt Baby-Girls Acrylic Watch Hat Hat,No,25,B002G9UDYG,AEFDKSTEJA7CBLQUI3DZ5FS47MQQ,B017DZ30GK
178,AFNGE72X3QZHVRQN2EHCGUXC6DRQ,True,Happy,Exactly As Described,"March 11, 2019",Julia Barge,5.0,0,https://www.amazon.ca/gp/profile/amzn1.account.AFNGE72X3QZHVRQN2EHCGUXC6DRQ/ref=cm_cr_getr_d_gw_btm?ie=UTF8,2020-10-05 19:22:51.554244,2020-10-05 19:22:51.684087,Carhartt Baby-Girls Acrylic Watch Hat Hat,No,25,B002G9UDYG,AEFDKSTEJA7CBLQUI3DZ5FS47MQQ,B017DZ30GK
179,AFJBDUYHQFR5AMJT6I47BBTVO57Q,True,Loved it.,Super cute!!,"January 6, 2020",Dianna Reed,5.0,0,https://www.amazon.ca/gp/profile/amzn1.account.AFJBDUYHQFR5AMJT6I47BBTVO57Q/ref=cm_cr_getr_d_gw_btm?ie=UTF8,2020-10-05 19:22:51.688935,2020-10-05 19:22:51.817820,Carhartt Baby-Girls Acrylic Watch Hat Hat,No,25,B002G9UDYG,AEFDKSTEJA7CBLQUI3DZ5FS47MQQ,B017DZ30GK
180,AEHRETPP6NGLVLF6R56LNCLMKBYQ,True,Great hat,Good fit for my two yr old,"January 5, 2019",Samantha Lynch,5.0,0,https://www.amazon.ca/gp/profile/amzn1.account.AEHRETPP6NGLVLF6R56LNCLMKBYQ/ref=cm_cr_getr_d_gw_btm?ie=UTF8,2020-10-05 19:22:56.937059,2020-10-05 19:22:57.071747,Carhartt Baby-Girls Acrylic Watch Hat Hat,No,25,B002G9UDYG,AEFDKSTEJA7CBLQUI3DZ5FS47MQQ,B017DZ30GK
181,AGNQ3IJJ3MEFFNFRZRYRIXSGHGRQ,True,Exactly as looks and fits perfect,Fits perfect!,"September 27, 2019",Brittany Kragnes,5.0,0,https://www.amazon.ca/gp/profile/amzn1.account.AGNQ3IJJ3MEFFNFRZRYRIXSGHGRQ/ref=cm_cr_getr_d_gw_btm?ie=UTF8,2020-10-05 19:22:57.075651,2020-10-05 19:22:57.205459,Carhartt Baby-Girls Acrylic Watch Hat Hat,No,25,B002G9UDYG,AEFDKSTEJA7CBLQUI3DZ5FS47MQQ,B017DZ30GK
182,AHLL6O2B45K2623KHKIQAJ6NXBCQ,True,Good fitting,It was a perfect fit,"October 10, 2019",Shailee Latimer,5.0,0,https://www.amazon.ca/gp/profile/amzn1.account.AHLL6O2B45K2623KHKIQAJ6NXBCQ/ref=cm_cr_getr_d_gw_btm?ie=UTF8,2020-10-05 19:22:57.210338,2020-10-05 19:22:57.342098,Carhartt Baby-Girls Acrylic Watch Hat Hat,No,25,B002G9UDYG,AEFDKSTEJA7CBLQUI3DZ5FS47MQQ,B017DZ30GK
183,AFXXS4QBUADAB22ESERFPRJO5ADQ,True,Good,Fits as expected.,"October 1, 2020",Collins Ofurum,4.0,0,https://www.amazon.ca/gp/profile/amzn1.account.AFXXS4QBUADAB22ESERFPRJO5ADQ/ref=cm_cr_getr_d_gw_btm?ie=UTF8,2020-10-05 19:22:57.347955,2020-10-05 19:22:57.476785,Carhartt Baby-Girls Acrylic Watch Hat Hat,No,25,B002G9UDYG,AEFDKSTEJA7CBLQUI3DZ5FS47MQQ,B017DZ30GK
184,AFPJW6VHOBPKN7ZMKRZ43BYUYZHQ,True,.,Great fit,"December 4, 2019",Ashley,5.0,0,https://www.amazon.ca/gp/profile/amzn1.account.AFPJW6VHOBPKN7ZMKRZ43BYUYZHQ/ref=cm_cr_getr_d_gw_btm?ie=UTF8,2020-10-05 19:22:57.481666,2020-10-05 19:22:57.614402,Carhartt Baby-Girls Acrylic Watch Hat Hat,No,25,B002G9UDYG,AEFDKSTEJA7CBLQUI3DZ5FS47MQQ,B017DZ30GK
185,AFT3WGB4IXSIC6DALF37KVXB3U7Q,True,Decent Hat,My son likes it.,"August 26, 2020",Jamie Wilton,5.0,0,https://www.amazon.ca/gp/profile/amzn1.account.AFT3WGB4IXSIC6DALF37KVXB3U7Q/ref=cm_cr_getr_d_gw_btm?ie=UTF8,2020-10-05 19:22:57.619281,2020-10-05 19:22:57.783300,Carhartt Baby-Girls Acrylic Watch Hat Hat,No,25,B002G9UDYG,AEFDKSTEJA7CBLQUI3DZ5FS47MQQ,B017DZ30GK
186,AG72WT3LGPDPB2KDF26IYHEI5XTQ,True,Perfect fit and very durable,Love it!!,"January 8, 2020",Tricia Farrell,5.0,0,https://www.amazon.ca/gp/profile/amzn1.account.AG72WT3LGPDPB2KDF26IYHEI5XTQ/ref=cm_cr_getr_d_gw_btm?ie=UTF8,2020-10-05 19:22:57.787205,2020-10-05 19:22:57.914083,Carhartt Baby-Girls Acrylic Watch Hat Hat,No,25,B002G9UDYG,AEFDKSTEJA7CBLQUI3DZ5FS47MQQ,B017DZ30GK
187,AEYI7QWHJFSUHBQNUOJXCB7M4O3A,True,Good,Good,"December 18, 2019",Charlene Hamelin,5.0,0,https://www.amazon.ca/gp/profile/amzn1.account.AEYI7QWHJFSUHBQNUOJXCB7M4O3A/ref=cm_cr_getr_d_gw_btm?ie=UTF8,2020-10-05 19:22:57.918964,2020-10-05 19:22:58.084884,Carhartt Baby-Girls Acrylic Watch Hat Hat,No,25,B002G9UDYG,AEFDKSTEJA7CBLQUI3DZ5FS47MQQ,B017DZ30GK
188,AHWTNY5GBZFOJS7ZAH5SEGVWFUUA,True,üëç,üëç,"December 29, 2018",Daniel,5.0,0,https://www.amazon.ca/gp/profile/amzn1.account.AHWTNY5GBZFOJS7ZAH5SEGVWFUUA/ref=cm_cr_getr_d_gw_btm?ie=UTF8,2020-10-05 19:22:58.090739,2020-10-05 19:22:58.219621,Carhartt Baby-Girls Acrylic Watch Hat Hat,No,25,B002G9UDYG,AEFDKSTEJA7CBLQUI3DZ5FS47MQQ,B017DZ30GK
189,AH5VN7K26S5AZBGCLKHPUZJ57MWA,False,Gay,I gave this hat to my son when he was bord 11 years later he told me he likes men,"November 20, 2019",Stoner Mom,1.0,0,https://www.amazon.ca/gp/profile/amzn1.account.AH5VN7K26S5AZBGCLKHPUZJ57MWA/ref=cm_cr_getr_d_gw_btm?ie=UTF8,2020-10-05 19:22:58.224500,2020-10-05 19:22:58.346501,Carhartt Baby-Girls Acrylic Watch Hat Hat,No,25,B002G9UDYG,AEFDKSTEJA7CBLQUI3DZ5FS47MQQ,B017DZ30GK
190,AF2DXMPRT5HKC22R5JG5OSEDF6FQ,False,very small for a 8 month old,Could be larger,"January 9, 2020",onlineshopper,2.0,0,https://www.amazon.ca/gp/profile/amzn1.account.AF2DXMPRT5HKC22R5JG5OSEDF6FQ/ref=cm_cr_getr_d_gw_btm?ie=UTF8,2020-10-05 19:23:03.469075,2020-10-05 19:23:03.633045,Carhartt Baby-Girls Acrylic Watch Hat Hat,No,25,B002G9UDYG,AEFDKSTEJA7CBLQUI3DZ5FS47MQQ,B017DZ30GK
191,AH3FW77JNXLTLFIF3EC7UB3YZSOA,True,love it,such a cute little toque,"November 14, 2019",A.S,5.0,0,https://www.amazon.ca/gp/profile/amzn1.account.AH3FW77JNXLTLFIF3EC7UB3YZSOA/ref=cm_cr_getr_d_gw_btm?ie=UTF8,2020-10-05 19:23:03.638930,2020-10-05 19:23:03.769683,Carhartt Baby-Girls Acrylic Watch Hat Hat,No,25,B002G9UDYG,AEFDKSTEJA7CBLQUI3DZ5FS47MQQ,B017DZ30GK
192,AEUXT3P7HZNZKYWCCMDKT7PHNC2Q,True,Made smalll,Good quality,"November 15, 2019",Alain,5.0,0,https://www.amazon.ca/gp/profile/amzn1.account.AEUXT3P7HZNZKYWCCMDKT7PHNC2Q/ref=cm_cr_getr_d_gw_btm?ie=UTF8,2020-10-05 19:23:03.774563,2020-10-05 19:23:03.903396,Carhartt Baby-Girls Acrylic Watch Hat Hat,No,25,B002G9UDYG,AEFDKSTEJA7CBLQUI3DZ5FS47MQQ,B017DZ30GK
193,AGMFGLMKK4DFUIFHXMDGVGTPOZSA,True,Cute,Cute little toque,"December 11, 2019",Jason,5.0,0,https://www.amazon.ca/gp/profile/amzn1.account.AGMFGLMKK4DFUIFHXMDGVGTPOZSA/ref=cm_cr_getr_d_gw_btm?ie=UTF8,2020-10-05 19:23:03.907299,2020-10-05 19:23:04.073219,Carhartt Baby-Girls Acrylic Watch Hat Hat,No,25,B002G9UDYG,AEFDKSTEJA7CBLQUI3DZ5FS47MQQ,B017DZ30GK
194,AEYD2632BGPU27OYED7SRGDEQE5A,True,Good quality! And warm!,Fits my 5 year old perfect love the bright color,"March 14, 2019",Mandi,5.0,0,https://www.amazon.ca/gp/profile/amzn1.account.AEYD2632BGPU27OYED7SRGDEQE5A/ref=cm_cr_getr_d_gw_btm?ie=UTF8,2020-10-05 19:23:04.078098,2020-10-05 19:23:04.206929,Carhartt Baby-Girls Acrylic Watch Hat Hat,No,25,B002G9UDYG,AEFDKSTEJA7CBLQUI3DZ5FS47MQQ,B017DZ30GK
